path	bytes	package_ok	cached_package_ok	test_PASS	test_FAIL	test_SKIP	PASS_lines	FAIL_lines	top_level_RUN	top_level_PASS
common-default.log.txt	36	0	0	0	0	0	0	0	0	0
common-explicit.log.txt	36	0	0	0	0	0	0	0	0	0
compare-before.txt	715	0	0	0	0	0	1	0	0	0
compare-current.txt	776	1	0	0	0	0	1	0	0	0
executable-sha256.txt	217	0	0	0	0	0	0	0	0	0
full-read.log.txt	348	0	0	0	0	0	0	0	0	0
full-write.log.txt	330	0	0	0	0	0	0	0	0	0
go-test.txt	1479	23	11	0	0	0	0	0	0	0
go-vet.txt	0	0	0	0	0	0	0	0	0	0
object-class-bench.txt	5990	1	0	0	0	0	1	0	0	0
openldap-differential.txt	73125	1	0	355	0	0	1	0	26	26
paged-recheck.log.txt	36	0	0	0	0	0	0	0	0	0
prefix-recheck.log.txt	36	0	0	0	0	0	0	0	0	0
root-paired.log.txt	36	0	0	0	0	0	0	0	0	0
schema-test.txt	60	1	0	0	0	0	0	0	0	0
write-recheck.log.txt	488	0	0	0	0	0	0	0	0	0
