suite	access_mode	variant	stage	method	members	endpoint	repeats	operations	median_ms
root	root	literal	rootBind	simple_bind_root	0	before	7	1000	76.51909800000007
root	root	literal	rootBind	simple_bind_root	0	current	7	1000	77.53104400000005
root	root	literal	rootBind	simple_bind_root	0	openldap	7	1000	74.83499900000007
root	root	literal	rootBase	base_objectclass_root	0	before	7	1000	99.880968
root	root	literal	rootBase	base_objectclass_root	0	current	7	1000	99.56212700000002
root	root	literal	rootBase	base_objectclass_root	0	openldap	7	1000	83.26914199999996
root	root	literal	rootEquality	subtree_uid_equality_root	0	before	7	1000	119.04352200000025
root	root	literal	rootEquality	subtree_uid_equality_root	0	current	7	1000	117.2085810000001
root	root	literal	rootEquality	subtree_uid_equality_root	0	openldap	7	1000	98.11712800000001
root	root	literal	rootCompareTrue	compare_uid_true_root	0	before	7	1000	104.77149999999995
root	root	literal	rootCompareTrue	compare_uid_true_root	0	current	7	1000	104.86712299999989
root	root	literal	rootCompareTrue	compare_uid_true_root	0	openldap	7	1000	76.9248360000001
root	root	literal	rootCompareFalse	compare_uid_false_root	0	before	7	1000	115.70187999999996
root	root	literal	rootCompareFalse	compare_uid_false_root	0	current	7	1000	115.59575199999999
root	root	literal	rootCompareFalse	compare_uid_false_root	0	openldap	7	1000	83.59260100000016
root	root	normalized	rootBind	simple_bind_root	0	before	7	1000	76.19195799999999
root	root	normalized	rootBind	simple_bind_root	0	current	7	1000	76.47419699999999
root	root	normalized	rootBind	simple_bind_root	0	openldap	7	1000	74.855529
root	root	normalized	rootBase	base_objectclass_root	0	before	7	1000	100.203587
root	root	normalized	rootBase	base_objectclass_root	0	current	7	1000	98.71326900000011
root	root	normalized	rootBase	base_objectclass_root	0	openldap	7	1000	81.20341800000001
root	root	normalized	rootEquality	subtree_uid_equality_root	0	before	7	1000	119.26747000000005
root	root	normalized	rootEquality	subtree_uid_equality_root	0	current	7	1000	117.67486399999996
root	root	normalized	rootEquality	subtree_uid_equality_root	0	openldap	7	1000	94.427948
root	root	normalized	rootCompareTrue	compare_uid_true_root	0	before	7	1000	114.88802599999985
root	root	normalized	rootCompareTrue	compare_uid_true_root	0	current	7	1000	115.16621100000012
root	root	normalized	rootCompareTrue	compare_uid_true_root	0	openldap	7	1000	81.49149599999993
root	root	normalized	rootCompareFalse	compare_uid_false_root	0	before	7	1000	114.3556060000001
root	root	normalized	rootCompareFalse	compare_uid_false_root	0	current	7	1000	114.24737100000006
root	root	normalized	rootCompareFalse	compare_uid_false_root	0	openldap	7	1000	80.79294700000001
