variant	root_bind_dn	stage	method	endpoint	repeats	operations	requests	verification_requests	median_ms
literal	cn=admin,dc=scale,dc=qualification	rootBind	simple_bind_root	before	7	1000	1000	1002	105.76581900000001
literal	cn=admin,dc=scale,dc=qualification	rootBind	simple_bind_root	current	7	1000	1000	1002	107.01262400000003
literal	cn=admin,dc=scale,dc=qualification	rootBind	simple_bind_root	openldap	7	1000	1000	1002	106.66949800000003
literal	cn=admin,dc=scale,dc=qualification	rootBase	base_objectclass_root	before	7	1000	1000	1002	156.71186099999989
literal	cn=admin,dc=scale,dc=qualification	rootBase	base_objectclass_root	current	7	1000	1000	1002	143.61432999999997
literal	cn=admin,dc=scale,dc=qualification	rootBase	base_objectclass_root	openldap	7	1000	1000	1002	117.02038399999998
literal	cn=admin,dc=scale,dc=qualification	rootEquality	subtree_uid_equality_root	before	7	1000	1000	1002	122.70342800000006
literal	cn=admin,dc=scale,dc=qualification	rootEquality	subtree_uid_equality_root	current	7	1000	1000	1002	122.79612899999995
literal	cn=admin,dc=scale,dc=qualification	rootEquality	subtree_uid_equality_root	openldap	7	1000	1000	1002	100.04509100000006
literal	cn=admin,dc=scale,dc=qualification	rootCompareTrue	compare_uid_true_root	before	7	1000	1000	1002	120.11736200000014
literal	cn=admin,dc=scale,dc=qualification	rootCompareTrue	compare_uid_true_root	current	7	1000	1000	1002	120.92569999999998
literal	cn=admin,dc=scale,dc=qualification	rootCompareTrue	compare_uid_true_root	openldap	7	1000	1000	1002	82.47438299999999
literal	cn=admin,dc=scale,dc=qualification	rootCompareFalse	compare_uid_false_root	before	7	1000	1000	1002	122.07393100000014
literal	cn=admin,dc=scale,dc=qualification	rootCompareFalse	compare_uid_false_root	current	7	1000	1000	1002	123.32425899999986
literal	cn=admin,dc=scale,dc=qualification	rootCompareFalse	compare_uid_false_root	openldap	7	1000	1000	1002	86.714422
normalized	CN=ADMIN,DC=SCALE,DC=QUALIFICATION	rootBind	simple_bind_root	before	7	1000	1000	1002	82.46565000000007
normalized	CN=ADMIN,DC=SCALE,DC=QUALIFICATION	rootBind	simple_bind_root	current	7	1000	1000	1002	82.19677399999982
normalized	CN=ADMIN,DC=SCALE,DC=QUALIFICATION	rootBind	simple_bind_root	openldap	7	1000	1000	1002	77.87050399999993
normalized	CN=ADMIN,DC=SCALE,DC=QUALIFICATION	rootBase	base_objectclass_root	before	7	1000	1000	1002	117.26626000000003
normalized	CN=ADMIN,DC=SCALE,DC=QUALIFICATION	rootBase	base_objectclass_root	current	7	1000	1000	1002	117.57724699999996
normalized	CN=ADMIN,DC=SCALE,DC=QUALIFICATION	rootBase	base_objectclass_root	openldap	7	1000	1000	1002	95.96991799999995
normalized	CN=ADMIN,DC=SCALE,DC=QUALIFICATION	rootEquality	subtree_uid_equality_root	before	7	1000	1000	1002	135.81266000000005
normalized	CN=ADMIN,DC=SCALE,DC=QUALIFICATION	rootEquality	subtree_uid_equality_root	current	7	1000	1000	1002	131.41555800000023
normalized	CN=ADMIN,DC=SCALE,DC=QUALIFICATION	rootEquality	subtree_uid_equality_root	openldap	7	1000	1000	1002	101.6719949999999
normalized	CN=ADMIN,DC=SCALE,DC=QUALIFICATION	rootCompareTrue	compare_uid_true_root	before	7	1000	1000	1002	143.53850200000008
normalized	CN=ADMIN,DC=SCALE,DC=QUALIFICATION	rootCompareTrue	compare_uid_true_root	current	7	1000	1000	1002	142.5491469999999
normalized	CN=ADMIN,DC=SCALE,DC=QUALIFICATION	rootCompareTrue	compare_uid_true_root	openldap	7	1000	1000	1002	94.72949099999994
normalized	CN=ADMIN,DC=SCALE,DC=QUALIFICATION	rootCompareFalse	compare_uid_false_root	before	7	1000	1000	1002	129.99341900000002
normalized	CN=ADMIN,DC=SCALE,DC=QUALIFICATION	rootCompareFalse	compare_uid_false_root	current	7	1000	1000	1002	130.951293
normalized	CN=ADMIN,DC=SCALE,DC=QUALIFICATION	rootCompareFalse	compare_uid_false_root	openldap	7	1000	1000	1002	85.98437199999998
