target	reference_method	candidate_method	metric	reference	candidate	reduction_pct
leaf	original	current	ns/op	1598	235.1	85.28785982478098
leaf	original	current	B/op	488	0	100
leaf	original	current	allocs/op	25	0	100
leaf	original	cold	ns/op	1598	910.6	43.0162703379224
leaf	original	cold	B/op	488	176	63.934426229508205
leaf	original	cold	allocs/op	25	11	56.00000000000001
leaf	cloning	current	ns/op	1471	235.1	84.01767505098572
leaf	cloning	current	B/op	456	0	100
leaf	cloning	current	allocs/op	23	0	100
leaf	cloning	cold	ns/op	1471	910.6	38.09653297076818
leaf	cloning	cold	B/op	456	176	61.40350877192983
leaf	cloning	cold	allocs/op	23	11	52.17391304347826
root	original	current	ns/op	1757	414.3	76.42003414911781
root	original	current	B/op	504	16	96.82539682539682
root	original	current	allocs/op	26	1	96.15384615384616
root	original	cold	ns/op	1757	1082	38.41775754126352
root	original	cold	B/op	504	192	61.904761904761905
root	original	cold	allocs/op	26	12	53.84615384615385
root	cloning	current	ns/op	1597	414.3	74.05760801502818
root	cloning	current	B/op	472	16	96.61016949152543
root	cloning	current	allocs/op	24	1	95.83333333333334
root	cloning	cold	ns/op	1597	1082	32.247964934251726
root	cloning	cold	B/op	472	192	59.32203389830508
root	cloning	cold	allocs/op	24	12	50
unrelated	original	current	ns/op	2178	938	56.93296602387512
unrelated	original	current	B/op	504	16	96.82539682539682
unrelated	original	current	allocs/op	26	1	96.15384615384616
unrelated	original	cold	ns/op	2178	2144	1.5610651974288348
unrelated	original	cold	B/op	504	320	36.50793650793651
unrelated	original	cold	allocs/op	26	20	23.076923076923073
unrelated	cloning	current	ns/op	2107	938	55.48172757475083
unrelated	cloning	current	B/op	472	16	96.61016949152543
unrelated	cloning	current	allocs/op	24	1	95.83333333333334
unrelated	cloning	cold	ns/op	2107	2144	-1.7560512577123877
unrelated	cloning	cold	B/op	472	320	32.20338983050848
unrelated	cloning	cold	allocs/op	24	20	16.666666666666664
unknown	original	current	ns/op	21.42	22.09	-3.1279178338001756
unknown	original	current	B/op	0	0	-
unknown	original	current	allocs/op	0	0	-
unknown	original	cold	ns/op	21.42	25.01	-16.76003734827265
unknown	original	cold	B/op	0	0	-
unknown	original	cold	allocs/op	0	0	-
unknown	cloning	current	ns/op	19.79	22.09	-11.62203132895403
unknown	cloning	current	B/op	0	0	-
unknown	cloning	current	allocs/op	0	0	-
unknown	cloning	cold	ns/op	19.79	25.01	-26.376958059626077
unknown	cloning	cold	B/op	0	0	-
unknown	cloning	cold	allocs/op	0	0	-
