path	stage	method	members	endpoint	repeat	operations	completed	requests	latencies	verification_requests	verification_ms
explicit-final/hot.json	userBind	simple_bind_ssha	0	before	1	1000	1000	1000	1000	1002	93.44711799999993
explicit-final/hot.json	userBind	simple_bind_ssha	0	current	1	1000	1000	1000	1000	1002	91.11805400000001
explicit-final/hot.json	userBind	simple_bind_ssha	0	openldap	1	1000	1000	1000	1000	1002	78.95112899999998
explicit-final/hot.json	userBind	simple_bind_ssha	0	before	2	1000	1000	1000	1000	1002	92.93679199999994
explicit-final/hot.json	userBind	simple_bind_ssha	0	current	2	1000	1000	1000	1000	1002	96.52603900000005
explicit-final/hot.json	userBind	simple_bind_ssha	0	openldap	2	1000	1000	1000	1000	1002	75.38958500000003
explicit-final/hot.json	userBind	simple_bind_ssha	0	before	3	1000	1000	1000	1000	1002	90.223758
explicit-final/hot.json	userBind	simple_bind_ssha	0	current	3	1000	1000	1000	1000	1002	89.60189099999992
explicit-final/hot.json	userBind	simple_bind_ssha	0	openldap	3	1000	1000	1000	1000	1002	75.594463
explicit-final/hot.json	userBind	simple_bind_plaintext	0	before	1	1000	1000	1000	1000	1002	98.52221299999992
explicit-final/hot.json	userBind	simple_bind_plaintext	0	current	1	1000	1000	1000	1000	1002	96.7829449999999
explicit-final/hot.json	userBind	simple_bind_plaintext	0	openldap	1	1000	1000	1000	1000	1002	80.00725600000011
explicit-final/hot.json	userBind	simple_bind_plaintext	0	before	2	1000	1000	1000	1000	1002	95.08670299999999
explicit-final/hot.json	userBind	simple_bind_plaintext	0	current	2	1000	1000	1000	1000	1002	94.25646000000008
explicit-final/hot.json	userBind	simple_bind_plaintext	0	openldap	2	1000	1000	1000	1000	1002	80.07945000000002
explicit-final/hot.json	userBind	simple_bind_plaintext	0	before	3	1000	1000	1000	1000	1002	87.37970499999993
explicit-final/hot.json	userBind	simple_bind_plaintext	0	current	3	1000	1000	1000	1000	1002	86.68460899999994
explicit-final/hot.json	userBind	simple_bind_plaintext	0	openldap	3	1000	1000	1000	1000	1002	73.31780699999993
explicit-final/hot.json	userBindWrong	simple_bind_ssha	0	before	1	1000	1000	1000	1000	3002	318.6962970000005
explicit-final/hot.json	userBindWrong	simple_bind_ssha	0	current	1	1000	1000	1000	1000	3002	301.4759359999992
explicit-final/hot.json	userBindWrong	simple_bind_ssha	0	openldap	1	1000	1000	1000	1000	3002	245.01163400000016
explicit-final/hot.json	userBindWrong	simple_bind_ssha	0	before	2	1000	1000	1000	1000	3002	320.3461659999999
explicit-final/hot.json	userBindWrong	simple_bind_ssha	0	current	2	1000	1000	1000	1000	3002	312.841815999999
explicit-final/hot.json	userBindWrong	simple_bind_ssha	0	openldap	2	1000	1000	1000	1000	3002	254.01973700000013
explicit-final/hot.json	userBindWrong	simple_bind_ssha	0	before	3	1000	1000	1000	1000	3002	267.736992
explicit-final/hot.json	userBindWrong	simple_bind_ssha	0	current	3	1000	1000	1000	1000	3002	260.9611319999998
explicit-final/hot.json	userBindWrong	simple_bind_ssha	0	openldap	3	1000	1000	1000	1000	3002	223.7916569999997
explicit-final/hot.json	userBindWrong	simple_bind_plaintext	0	before	1	1000	1000	1000	1000	3002	307.87844899999993
explicit-final/hot.json	userBindWrong	simple_bind_plaintext	0	current	1	1000	1000	1000	1000	3002	309.9041659999994
explicit-final/hot.json	userBindWrong	simple_bind_plaintext	0	openldap	1	1000	1000	1000	1000	3002	251.857188
explicit-final/hot.json	userBindWrong	simple_bind_plaintext	0	before	2	1000	1000	1000	1000	3002	318.3134770000003
explicit-final/hot.json	userBindWrong	simple_bind_plaintext	0	current	2	1000	1000	1000	1000	3002	327.95877200000024
explicit-final/hot.json	userBindWrong	simple_bind_plaintext	0	openldap	2	1000	1000	1000	1000	3002	271.5999890000001
explicit-final/hot.json	userBindWrong	simple_bind_plaintext	0	before	3	1000	1000	1000	1000	3002	283.4897000000003
explicit-final/hot.json	userBindWrong	simple_bind_plaintext	0	current	3	1000	1000	1000	1000	3002	284.82445300000006
explicit-final/hot.json	userBindWrong	simple_bind_plaintext	0	openldap	3	1000	1000	1000	1000	3002	239.28954900000008
explicit-final/hot.json	nonrootBase	search_nonrootBase	0	before	1	1000	1000	1000	1000	1002	92.86047000000009
explicit-final/hot.json	nonrootBase	search_nonrootBase	0	current	1	1000	1000	1000	1000	1002	98.85004299999993
explicit-final/hot.json	nonrootBase	search_nonrootBase	0	openldap	1	1000	1000	1000	1000	1002	87.43849900000001
explicit-final/hot.json	nonrootBase	search_nonrootBase	0	before	2	1000	1000	1000	1000	1002	104.68736499999999
explicit-final/hot.json	nonrootBase	search_nonrootBase	0	current	2	1000	1000	1000	1000	1002	106.11279799999983
explicit-final/hot.json	nonrootBase	search_nonrootBase	0	openldap	2	1000	1000	1000	1000	1002	84.92074099999996
explicit-final/hot.json	nonrootBase	search_nonrootBase	0	before	3	1000	1000	1000	1000	1002	96.14333499999994
explicit-final/hot.json	nonrootBase	search_nonrootBase	0	current	3	1000	1000	1000	1000	1002	93.9746740000001
explicit-final/hot.json	nonrootBase	search_nonrootBase	0	openldap	3	1000	1000	1000	1000	1002	79.04715000000004
explicit-final/hot.json	nonrootEquality	search_nonrootEquality	0	before	1	1000	1000	1000	1000	1002	90.79391300000022
explicit-final/hot.json	nonrootEquality	search_nonrootEquality	0	current	1	1000	1000	1000	1000	1002	89.42131299999998
explicit-final/hot.json	nonrootEquality	search_nonrootEquality	0	openldap	1	1000	1000	1000	1000	1002	74.83729600000004
explicit-final/hot.json	nonrootEquality	search_nonrootEquality	0	before	2	1000	1000	1000	1000	1002	90.8291720000001
explicit-final/hot.json	nonrootEquality	search_nonrootEquality	0	current	2	1000	1000	1000	1000	1002	89.90696600000012
explicit-final/hot.json	nonrootEquality	search_nonrootEquality	0	openldap	2	1000	1000	1000	1000	1002	72.81751999999999
explicit-final/hot.json	nonrootEquality	search_nonrootEquality	0	before	3	1000	1000	1000	1000	1002	93.78769700000005
explicit-final/hot.json	nonrootEquality	search_nonrootEquality	0	current	3	1000	1000	1000	1000	1002	91.58892100000003
explicit-final/hot.json	nonrootEquality	search_nonrootEquality	0	openldap	3	1000	1000	1000	1000	1002	73.00011399999998
explicit-final/distributed.json	nonrootBase	search_nonrootBase	0	before	1	1000	1000	1000	1000	1002	105.62454600000012
explicit-final/distributed.json	nonrootBase	search_nonrootBase	0	current	1	1000	1000	1000	1000	1002	105.97791800000005
explicit-final/distributed.json	nonrootBase	search_nonrootBase	0	openldap	1	1000	1000	1000	1000	1002	84.63249099999997
explicit-final/distributed.json	nonrootBase	search_nonrootBase	0	before	2	1000	1000	1000	1000	1002	100.96907300000004
explicit-final/distributed.json	nonrootBase	search_nonrootBase	0	current	2	1000	1000	1000	1000	1002	99.32021999999985
explicit-final/distributed.json	nonrootBase	search_nonrootBase	0	openldap	2	1000	1000	1000	1000	1002	81.69031999999997
explicit-final/distributed.json	nonrootBase	search_nonrootBase	0	before	3	1000	1000	1000	1000	1002	96.64072799999995
explicit-final/distributed.json	nonrootBase	search_nonrootBase	0	current	3	1000	1000	1000	1000	1002	96.42512800000016
explicit-final/distributed.json	nonrootBase	search_nonrootBase	0	openldap	3	1000	1000	1000	1000	1002	78.84824699999974
explicit-final/distributed.json	nonrootEquality	search_nonrootEquality	0	before	1	1000	1000	1000	1000	1002	83.48280100000004
explicit-final/distributed.json	nonrootEquality	search_nonrootEquality	0	current	1	1000	1000	1000	1000	1002	85.47582499999994
explicit-final/distributed.json	nonrootEquality	search_nonrootEquality	0	openldap	1	1000	1000	1000	1000	1002	65.064216
explicit-final/distributed.json	nonrootEquality	search_nonrootEquality	0	before	2	1000	1000	1000	1000	1002	107.01768899999998
explicit-final/distributed.json	nonrootEquality	search_nonrootEquality	0	current	2	1000	1000	1000	1000	1002	109.66049600000001
explicit-final/distributed.json	nonrootEquality	search_nonrootEquality	0	openldap	2	1000	1000	1000	1000	1002	88.77665500000005
explicit-final/distributed.json	nonrootEquality	search_nonrootEquality	0	before	3	1000	1000	1000	1000	1002	87.23029699999995
explicit-final/distributed.json	nonrootEquality	search_nonrootEquality	0	current	3	1000	1000	1000	1000	1002	87.9474859999999
explicit-final/distributed.json	nonrootEquality	search_nonrootEquality	0	openldap	3	1000	1000	1000	1000	1002	70.64900199999991
explicit-final/groups.json	memberEquality	search_memberEquality	0	before	1	100	100	100	100	102	10.810201999999993
explicit-final/groups.json	memberEquality	search_memberEquality	0	current	1	100	100	100	100	102	10.621706999999995
explicit-final/groups.json	memberEquality	search_memberEquality	0	openldap	1	100	100	100	100	102	8.268001
explicit-final/groups.json	memberEquality	search_memberEquality	0	before	2	100	100	100	100	102	10.583995
explicit-final/groups.json	memberEquality	search_memberEquality	0	current	2	100	100	100	100	102	10.094248000000002
explicit-final/groups.json	memberEquality	search_memberEquality	0	openldap	2	100	100	100	100	102	8.515949
explicit-final/groups.json	memberEquality	search_memberEquality	0	before	3	100	100	100	100	102	12.539834
explicit-final/groups.json	memberEquality	search_memberEquality	0	current	3	100	100	100	100	102	17.050408999999995
explicit-final/groups.json	memberEquality	search_memberEquality	0	openldap	3	100	100	100	100	102	10.746883000000004
explicit-final/groups.json	groupBase	base_member_values	10	before	1	100	100	100	100	102	9.501839999999998
explicit-final/groups.json	groupBase	base_member_values	10	current	1	100	100	100	100	102	9.660462
explicit-final/groups.json	groupBase	base_member_values	10	openldap	1	100	100	100	100	102	7.377751000000001
explicit-final/groups.json	groupBase	base_member_values	10	before	2	100	100	100	100	102	10.829209999999998
explicit-final/groups.json	groupBase	base_member_values	10	current	2	100	100	100	100	102	15.247202000000003
explicit-final/groups.json	groupBase	base_member_values	10	openldap	2	100	100	100	100	102	9.481090000000004
explicit-final/groups.json	groupBase	base_member_values	10	before	3	100	100	100	100	102	9.957208999999997
explicit-final/groups.json	groupBase	base_member_values	10	current	3	100	100	100	100	102	9.907495
explicit-final/groups.json	groupBase	base_member_values	10	openldap	3	100	100	100	100	102	7.830091999999999
explicit-final/groups.json	groupBase	base_member_values	1000	before	1	100	100	100	100	102	35.044626999999984
explicit-final/groups.json	groupBase	base_member_values	1000	current	1	100	100	100	100	102	28.455626000000002
explicit-final/groups.json	groupBase	base_member_values	1000	openldap	1	100	100	100	100	102	23.629792000000005
explicit-final/groups.json	groupBase	base_member_values	1000	before	2	100	100	100	100	102	29.368669999999998
explicit-final/groups.json	groupBase	base_member_values	1000	current	2	100	100	100	100	102	37.382204
explicit-final/groups.json	groupBase	base_member_values	1000	openldap	2	100	100	100	100	102	24.467667000000002
explicit-final/groups.json	groupBase	base_member_values	1000	before	3	100	100	100	100	102	37.744038
explicit-final/groups.json	groupBase	base_member_values	1000	current	3	100	100	100	100	102	41.18154600000001
explicit-final/groups.json	groupBase	base_member_values	1000	openldap	3	100	100	100	100	102	32.322461000000004
explicit-final/groups.json	nestedMembership	client_bfs_member_equality	0	before	1	100	100	417	100	419	40.01799700000006
explicit-final/groups.json	nestedMembership	client_bfs_member_equality	0	current	1	100	100	417	100	419	39.73377500000001
explicit-final/groups.json	nestedMembership	client_bfs_member_equality	0	openldap	1	100	100	417	100	419	31.839921000000015
explicit-final/groups.json	nestedMembership	client_bfs_member_equality	0	before	2	100	100	417	100	419	36.122687000000006
explicit-final/groups.json	nestedMembership	client_bfs_member_equality	0	current	2	100	100	417	100	419	36.167226999999976
explicit-final/groups.json	nestedMembership	client_bfs_member_equality	0	openldap	2	100	100	417	100	419	30.162967000000005
explicit-final/groups.json	nestedMembership	client_bfs_member_equality	0	before	3	100	100	417	100	419	42.60362399999996
explicit-final/groups.json	nestedMembership	client_bfs_member_equality	0	current	3	100	100	417	100	419	43.43600299999999
explicit-final/groups.json	nestedMembership	client_bfs_member_equality	0	openldap	3	100	100	417	100	419	33.374958
explicit-final/smoke.json	userBind	simple_bind_ssha	0	before	1	2	2	2	2	4	0.740709
explicit-final/smoke.json	userBind	simple_bind_ssha	0	current	1	2	2	2	2	4	0.48912599999999995
explicit-final/smoke.json	userBind	simple_bind_ssha	0	openldap	1	2	2	2	2	4	0.33666799999999997
explicit-final/smoke.json	userBind	simple_bind_plaintext	0	before	1	2	2	2	2	4	0.442208
explicit-final/smoke.json	userBind	simple_bind_plaintext	0	current	1	2	2	2	2	4	0.41129000000000004
explicit-final/smoke.json	userBind	simple_bind_plaintext	0	openldap	1	2	2	2	2	4	0.2975
explicit-final/smoke.json	userBindWrong	simple_bind_ssha	0	before	1	2	2	2	2	8	0.653833
explicit-final/smoke.json	userBindWrong	simple_bind_ssha	0	current	1	2	2	2	2	8	0.69379
explicit-final/smoke.json	userBindWrong	simple_bind_ssha	0	openldap	1	2	2	2	2	8	0.5455840000000001
explicit-final/smoke.json	userBindWrong	simple_bind_plaintext	0	before	1	2	2	2	2	8	0.703082
explicit-final/smoke.json	userBindWrong	simple_bind_plaintext	0	current	1	2	2	2	2	8	0.772625
explicit-final/smoke.json	userBindWrong	simple_bind_plaintext	0	openldap	1	2	2	2	2	8	0.620333
explicit-final/smoke.json	nonrootBase	search_nonrootBase	0	before	1	2	2	2	2	4	0.361418
explicit-final/smoke.json	nonrootBase	search_nonrootBase	0	current	1	2	2	2	2	4	0.36737499999999995
explicit-final/smoke.json	nonrootBase	search_nonrootBase	0	openldap	1	2	2	2	2	4	0.311666
explicit-final/smoke.json	nonrootEquality	search_nonrootEquality	0	before	1	2	2	2	2	4	0.32570699999999997
explicit-final/smoke.json	nonrootEquality	search_nonrootEquality	0	current	1	2	2	2	2	4	0.382333
explicit-final/smoke.json	nonrootEquality	search_nonrootEquality	0	openldap	1	2	2	2	2	4	0.244209
explicit-final/smoke.json	memberEquality	search_memberEquality	0	before	1	2	2	2	2	4	0.27516799999999997
explicit-final/smoke.json	memberEquality	search_memberEquality	0	current	1	2	2	2	2	4	0.26416700000000004
explicit-final/smoke.json	memberEquality	search_memberEquality	0	openldap	1	2	2	2	2	4	0.231959
explicit-final/smoke.json	groupBase	base_member_values	10	before	1	2	2	2	2	4	0.313292
explicit-final/smoke.json	groupBase	base_member_values	10	current	1	2	2	2	2	4	0.305292
explicit-final/smoke.json	groupBase	base_member_values	10	openldap	1	2	2	2	2	4	0.218793
explicit-final/smoke.json	groupBase	base_member_values	1000	before	1	2	2	2	2	4	0.584667
explicit-final/smoke.json	groupBase	base_member_values	1000	current	1	2	2	2	2	4	0.505833
explicit-final/smoke.json	groupBase	base_member_values	1000	openldap	1	2	2	2	2	4	0.28695800000000005
explicit-final/smoke.json	nestedMembership	client_bfs_member_equality	0	before	1	2	2	12	2	14	1.6678359999999999
explicit-final/smoke.json	nestedMembership	client_bfs_member_equality	0	current	1	2	2	12	2	14	1.8408330000000002
explicit-final/smoke.json	nestedMembership	client_bfs_member_equality	0	openldap	1	2	2	12	2	14	1.2907899999999999
default-final/hot.json	userBind	simple_bind_ssha	0	before	1	1000	1000	1000	1000	1002	95.7147569999999
default-final/hot.json	userBind	simple_bind_ssha	0	current	1	1000	1000	1000	1000	1002	89.99037799999994
default-final/hot.json	userBind	simple_bind_ssha	0	openldap	1	1000	1000	1000	1000	1002	75.1525460000001
default-final/hot.json	userBind	simple_bind_ssha	0	before	2	1000	1000	1000	1000	1002	88.56762299999998
default-final/hot.json	userBind	simple_bind_ssha	0	current	2	1000	1000	1000	1000	1002	88.17922300000002
default-final/hot.json	userBind	simple_bind_ssha	0	openldap	2	1000	1000	1000	1000	1002	71.09381499999998
default-final/hot.json	userBind	simple_bind_ssha	0	before	3	1000	1000	1000	1000	1002	93.94028899999991
default-final/hot.json	userBind	simple_bind_ssha	0	current	3	1000	1000	1000	1000	1002	97.39546599999983
default-final/hot.json	userBind	simple_bind_ssha	0	openldap	3	1000	1000	1000	1000	1002	77.28854900000002
default-final/hot.json	userBind	simple_bind_plaintext	0	before	1	1000	1000	1000	1000	1002	96.1583679999999
default-final/hot.json	userBind	simple_bind_plaintext	0	current	1	1000	1000	1000	1000	1002	94.32534699999998
default-final/hot.json	userBind	simple_bind_plaintext	0	openldap	1	1000	1000	1000	1000	1002	74.29245700000008
default-final/hot.json	userBind	simple_bind_plaintext	0	before	2	1000	1000	1000	1000	1002	84.06705800000006
default-final/hot.json	userBind	simple_bind_plaintext	0	current	2	1000	1000	1000	1000	1002	87.68984700000003
default-final/hot.json	userBind	simple_bind_plaintext	0	openldap	2	1000	1000	1000	1000	1002	70.48942399999994
default-final/hot.json	userBind	simple_bind_plaintext	0	before	3	1000	1000	1000	1000	1002	82.58561199999988
default-final/hot.json	userBind	simple_bind_plaintext	0	current	3	1000	1000	1000	1000	1002	82.89257399999985
default-final/hot.json	userBind	simple_bind_plaintext	0	openldap	3	1000	1000	1000	1000	1002	71.7421590000001
default-final/hot.json	userBindWrong	simple_bind_ssha	0	before	1	1000	1000	1000	1000	3002	294.9105300000007
default-final/hot.json	userBindWrong	simple_bind_ssha	0	current	1	1000	1000	1000	1000	3002	291.8912670000005
default-final/hot.json	userBindWrong	simple_bind_ssha	0	openldap	1	1000	1000	1000	1000	3002	247.97930799999943
default-final/hot.json	userBindWrong	simple_bind_ssha	0	before	2	1000	1000	1000	1000	3002	271.75317500000006
default-final/hot.json	userBindWrong	simple_bind_ssha	0	current	2	1000	1000	1000	1000	3002	274.0963139999998
default-final/hot.json	userBindWrong	simple_bind_ssha	0	openldap	2	1000	1000	1000	1000	3002	227.59797799999984
default-final/hot.json	userBindWrong	simple_bind_ssha	0	before	3	1000	1000	1000	1000	3002	280.52029299999987
default-final/hot.json	userBindWrong	simple_bind_ssha	0	current	3	1000	1000	1000	1000	3002	278.3630329999999
default-final/hot.json	userBindWrong	simple_bind_ssha	0	openldap	3	1000	1000	1000	1000	3002	235.2414810000002
default-final/hot.json	userBindWrong	simple_bind_plaintext	0	before	1	1000	1000	1000	1000	3002	270.033455
default-final/hot.json	userBindWrong	simple_bind_plaintext	0	current	1	1000	1000	1000	1000	3002	271.08643800000107
default-final/hot.json	userBindWrong	simple_bind_plaintext	0	openldap	1	1000	1000	1000	1000	3002	224.9166030000001
default-final/hot.json	userBindWrong	simple_bind_plaintext	0	before	2	1000	1000	1000	1000	3002	282.53499000000073
default-final/hot.json	userBindWrong	simple_bind_plaintext	0	current	2	1000	1000	1000	1000	3002	289.4758470000001
default-final/hot.json	userBindWrong	simple_bind_plaintext	0	openldap	2	1000	1000	1000	1000	3002	236.6220549999998
default-final/hot.json	userBindWrong	simple_bind_plaintext	0	before	3	1000	1000	1000	1000	3002	287.92145300000027
default-final/hot.json	userBindWrong	simple_bind_plaintext	0	current	3	1000	1000	1000	1000	3002	283.6342870000007
default-final/hot.json	userBindWrong	simple_bind_plaintext	0	openldap	3	1000	1000	1000	1000	3002	237.9174439999996
default-final/hot.json	nonrootBase	search_nonrootBase	0	before	1	1000	1000	1000	1000	1002	113.39951899999986
default-final/hot.json	nonrootBase	search_nonrootBase	0	current	1	1000	1000	1000	1000	1002	108.55059700000011
default-final/hot.json	nonrootBase	search_nonrootBase	0	openldap	1	1000	1000	1000	1000	1002	90.65739500000004
default-final/hot.json	nonrootBase	search_nonrootBase	0	before	2	1000	1000	1000	1000	1002	93.35505600000006
default-final/hot.json	nonrootBase	search_nonrootBase	0	current	2	1000	1000	1000	1000	1002	100.802627
default-final/hot.json	nonrootBase	search_nonrootBase	0	openldap	2	1000	1000	1000	1000	1002	75.67977599999995
default-final/hot.json	nonrootBase	search_nonrootBase	0	before	3	1000	1000	1000	1000	1002	95.51371299999997
default-final/hot.json	nonrootBase	search_nonrootBase	0	current	3	1000	1000	1000	1000	1002	96.49154100000007
default-final/hot.json	nonrootBase	search_nonrootBase	0	openldap	3	1000	1000	1000	1000	1002	76.54045699999996
default-final/hot.json	nonrootEquality	search_nonrootEquality	0	before	1	1000	1000	1000	1000	1002	90.214529
default-final/hot.json	nonrootEquality	search_nonrootEquality	0	current	1	1000	1000	1000	1000	1002	90.08343200000006
default-final/hot.json	nonrootEquality	search_nonrootEquality	0	openldap	1	1000	1000	1000	1000	1002	74.43628000000004
default-final/hot.json	nonrootEquality	search_nonrootEquality	0	before	2	1000	1000	1000	1000	1002	95.59760300000006
default-final/hot.json	nonrootEquality	search_nonrootEquality	0	current	2	1000	1000	1000	1000	1002	90.88837500000014
default-final/hot.json	nonrootEquality	search_nonrootEquality	0	openldap	2	1000	1000	1000	1000	1002	74.82845800000003
default-final/hot.json	nonrootEquality	search_nonrootEquality	0	before	3	1000	1000	1000	1000	1002	108.73461500000023
default-final/hot.json	nonrootEquality	search_nonrootEquality	0	current	3	1000	1000	1000	1000	1002	106.04650200000005
default-final/hot.json	nonrootEquality	search_nonrootEquality	0	openldap	3	1000	1000	1000	1000	1002	83.31689999999986
default-final/distributed.json	nonrootBase	search_nonrootBase	0	before	1	1000	1000	1000	1000	1002	99.6323410000001
default-final/distributed.json	nonrootBase	search_nonrootBase	0	current	1	1000	1000	1000	1000	1002	95.47393399999999
default-final/distributed.json	nonrootBase	search_nonrootBase	0	openldap	1	1000	1000	1000	1000	1002	77.41742700000009
default-final/distributed.json	nonrootBase	search_nonrootBase	0	before	2	1000	1000	1000	1000	1002	92.34774
default-final/distributed.json	nonrootBase	search_nonrootBase	0	current	2	1000	1000	1000	1000	1002	93.32333100000001
default-final/distributed.json	nonrootBase	search_nonrootBase	0	openldap	2	1000	1000	1000	1000	1002	74.65746899999995
default-final/distributed.json	nonrootBase	search_nonrootBase	0	before	3	1000	1000	1000	1000	1002	85.85593500000009
default-final/distributed.json	nonrootBase	search_nonrootBase	0	current	3	1000	1000	1000	1000	1002	87.18515700000007
default-final/distributed.json	nonrootBase	search_nonrootBase	0	openldap	3	1000	1000	1000	1000	1002	71.80059399999992
default-final/distributed.json	nonrootEquality	search_nonrootEquality	0	before	1	1000	1000	1000	1000	1002	79.31899900000003
default-final/distributed.json	nonrootEquality	search_nonrootEquality	0	current	1	1000	1000	1000	1000	1002	80.68225699999986
default-final/distributed.json	nonrootEquality	search_nonrootEquality	0	openldap	1	1000	1000	1000	1000	1002	61.50677799999999
default-final/distributed.json	nonrootEquality	search_nonrootEquality	0	before	2	1000	1000	1000	1000	1002	101.70446300000008
default-final/distributed.json	nonrootEquality	search_nonrootEquality	0	current	2	1000	1000	1000	1000	1002	101.49516099999998
default-final/distributed.json	nonrootEquality	search_nonrootEquality	0	openldap	2	1000	1000	1000	1000	1002	77.94373700000011
default-final/distributed.json	nonrootEquality	search_nonrootEquality	0	before	3	1000	1000	1000	1000	1002	115.4393390000001
default-final/distributed.json	nonrootEquality	search_nonrootEquality	0	current	3	1000	1000	1000	1000	1002	114.35513399999986
default-final/distributed.json	nonrootEquality	search_nonrootEquality	0	openldap	3	1000	1000	1000	1000	1002	95.44787099999999
default-final/groups.json	memberEquality	search_memberEquality	0	before	1	100	100	100	100	102	8.921955000000002
default-final/groups.json	memberEquality	search_memberEquality	0	current	1	100	100	100	100	102	8.894330000000004
default-final/groups.json	memberEquality	search_memberEquality	0	openldap	1	100	100	100	100	102	7.536206999999999
default-final/groups.json	memberEquality	search_memberEquality	0	before	2	100	100	100	100	102	9.177507000000002
default-final/groups.json	memberEquality	search_memberEquality	0	current	2	100	100	100	100	102	8.847420000000001
default-final/groups.json	memberEquality	search_memberEquality	0	openldap	2	100	100	100	100	102	7.659880000000002
default-final/groups.json	memberEquality	search_memberEquality	0	before	3	100	100	100	100	102	9.33133
default-final/groups.json	memberEquality	search_memberEquality	0	current	3	100	100	100	100	102	9.030545000000002
default-final/groups.json	memberEquality	search_memberEquality	0	openldap	3	100	100	100	100	102	7.6722899999999985
default-final/groups.json	groupBase	base_member_values	10	before	1	100	100	100	100	102	8.275832000000001
default-final/groups.json	groupBase	base_member_values	10	current	1	100	100	100	100	102	10.150754999999998
default-final/groups.json	groupBase	base_member_values	10	openldap	1	100	100	100	100	102	7.351292
default-final/groups.json	groupBase	base_member_values	10	before	2	100	100	100	100	102	8.541036000000002
default-final/groups.json	groupBase	base_member_values	10	current	2	100	100	100	100	102	8.471207
default-final/groups.json	groupBase	base_member_values	10	openldap	2	100	100	100	100	102	7.033578000000003
default-final/groups.json	groupBase	base_member_values	10	before	3	100	100	100	100	102	9.379703999999998
default-final/groups.json	groupBase	base_member_values	10	current	3	100	100	100	100	102	9.484626
default-final/groups.json	groupBase	base_member_values	10	openldap	3	100	100	100	100	102	7.6914529999999965
default-final/groups.json	groupBase	base_member_values	1000	before	1	100	100	100	100	102	31.910666000000003
default-final/groups.json	groupBase	base_member_values	1000	current	1	100	100	100	100	102	29.39432600000001
default-final/groups.json	groupBase	base_member_values	1000	openldap	1	100	100	100	100	102	28.39482800000001
default-final/groups.json	groupBase	base_member_values	1000	before	2	100	100	100	100	102	33.519459
default-final/groups.json	groupBase	base_member_values	1000	current	2	100	100	100	100	102	34.66983300000001
default-final/groups.json	groupBase	base_member_values	1000	openldap	2	100	100	100	100	102	35.046372000000005
default-final/groups.json	groupBase	base_member_values	1000	before	3	100	100	100	100	102	30.740047000000008
default-final/groups.json	groupBase	base_member_values	1000	current	3	100	100	100	100	102	35.494879000000005
default-final/groups.json	groupBase	base_member_values	1000	openldap	3	100	100	100	100	102	27.043706000000004
default-final/groups.json	nestedMembership	client_bfs_member_equality	0	before	1	100	100	417	100	419	44.965339999999955
default-final/groups.json	nestedMembership	client_bfs_member_equality	0	current	1	100	100	417	100	419	44.15020199999999
default-final/groups.json	nestedMembership	client_bfs_member_equality	0	openldap	1	100	100	417	100	419	36.076711
default-final/groups.json	nestedMembership	client_bfs_member_equality	0	before	2	100	100	417	100	419	51.08604900000001
default-final/groups.json	nestedMembership	client_bfs_member_equality	0	current	2	100	100	417	100	419	52.24133799999997
default-final/groups.json	nestedMembership	client_bfs_member_equality	0	openldap	2	100	100	417	100	419	42.50121300000003
default-final/groups.json	nestedMembership	client_bfs_member_equality	0	before	3	100	100	417	100	419	40.665374999999976
default-final/groups.json	nestedMembership	client_bfs_member_equality	0	current	3	100	100	417	100	419	39.17915500000004
default-final/groups.json	nestedMembership	client_bfs_member_equality	0	openldap	3	100	100	417	100	419	30.719919000000033
default-final/smoke.json	userBind	simple_bind_ssha	0	before	1	2	2	2	2	4	0.5095419999999999
default-final/smoke.json	userBind	simple_bind_ssha	0	current	1	2	2	2	2	4	0.500083
default-final/smoke.json	userBind	simple_bind_ssha	0	openldap	1	2	2	2	2	4	0.270833
default-final/smoke.json	userBind	simple_bind_plaintext	0	before	1	2	2	2	2	4	0.35604199999999997
default-final/smoke.json	userBind	simple_bind_plaintext	0	current	1	2	2	2	2	4	0.29695699999999997
default-final/smoke.json	userBind	simple_bind_plaintext	0	openldap	1	2	2	2	2	4	0.28258300000000003
default-final/smoke.json	userBindWrong	simple_bind_ssha	0	before	1	2	2	2	2	8	0.886209
default-final/smoke.json	userBindWrong	simple_bind_ssha	0	current	1	2	2	2	2	8	0.841208
default-final/smoke.json	userBindWrong	simple_bind_ssha	0	openldap	1	2	2	2	2	8	0.515124
default-final/smoke.json	userBindWrong	simple_bind_plaintext	0	before	1	2	2	2	2	8	0.64683
default-final/smoke.json	userBindWrong	simple_bind_plaintext	0	current	1	2	2	2	2	8	0.650167
default-final/smoke.json	userBindWrong	simple_bind_plaintext	0	openldap	1	2	2	2	2	8	0.532413
default-final/smoke.json	nonrootBase	search_nonrootBase	0	before	1	2	2	2	2	4	0.415126
default-final/smoke.json	nonrootBase	search_nonrootBase	0	current	1	2	2	2	2	4	0.43025
default-final/smoke.json	nonrootBase	search_nonrootBase	0	openldap	1	2	2	2	2	4	0.313459
default-final/smoke.json	nonrootEquality	search_nonrootEquality	0	before	1	2	2	2	2	4	0.36383299999999996
default-final/smoke.json	nonrootEquality	search_nonrootEquality	0	current	1	2	2	2	2	4	0.49074999999999996
default-final/smoke.json	nonrootEquality	search_nonrootEquality	0	openldap	1	2	2	2	2	4	0.398167
default-final/smoke.json	memberEquality	search_memberEquality	0	before	1	2	2	2	2	4	0.362416
default-final/smoke.json	memberEquality	search_memberEquality	0	current	1	2	2	2	2	4	0.34604100000000004
default-final/smoke.json	memberEquality	search_memberEquality	0	openldap	1	2	2	2	2	4	0.237541
default-final/smoke.json	groupBase	base_member_values	10	before	1	2	2	2	2	4	0.451957
default-final/smoke.json	groupBase	base_member_values	10	current	1	2	2	2	2	4	0.47575
default-final/smoke.json	groupBase	base_member_values	10	openldap	1	2	2	2	2	4	0.5305
default-final/smoke.json	groupBase	base_member_values	1000	before	1	2	2	2	2	4	0.6615420000000001
default-final/smoke.json	groupBase	base_member_values	1000	current	1	2	2	2	2	4	0.8666670000000001
default-final/smoke.json	groupBase	base_member_values	1000	openldap	1	2	2	2	2	4	0.553499
default-final/smoke.json	nestedMembership	client_bfs_member_equality	0	before	1	2	2	12	2	14	1.5979990000000002
default-final/smoke.json	nestedMembership	client_bfs_member_equality	0	current	1	2	2	12	2	14	1.348542
default-final/smoke.json	nestedMembership	client_bfs_member_equality	0	openldap	1	2	2	12	2	14	1.1749180000000001
root-paired/literal.json	rootBind	simple_bind_root	0	before	1	1000	1000	1000	1000	1002	83.45582199999991
root-paired/literal.json	rootBind	simple_bind_root	0	current	1	1000	1000	1000	1000	1002	85.43274199999998
root-paired/literal.json	rootBind	simple_bind_root	0	openldap	1	1000	1000	1000	1000	1002	71.51913000000003
root-paired/literal.json	rootBind	simple_bind_root	0	before	2	1000	1000	1000	1000	1002	83.01766500000006
root-paired/literal.json	rootBind	simple_bind_root	0	current	2	1000	1000	1000	1000	1002	83.85627099999994
root-paired/literal.json	rootBind	simple_bind_root	0	openldap	2	1000	1000	1000	1000	1002	69.09558999999994
root-paired/literal.json	rootBind	simple_bind_root	0	before	3	1000	1000	1000	1000	1002	95.3927329999999
root-paired/literal.json	rootBind	simple_bind_root	0	current	3	1000	1000	1000	1000	1002	98.43513299999992
root-paired/literal.json	rootBind	simple_bind_root	0	openldap	3	1000	1000	1000	1000	1002	81.25700700000009
root-paired/literal.json	rootBind	simple_bind_root	0	before	4	1000	1000	1000	1000	1002	94.16698099999995
root-paired/literal.json	rootBind	simple_bind_root	0	current	4	1000	1000	1000	1000	1002	98.33631700000008
root-paired/literal.json	rootBind	simple_bind_root	0	openldap	4	1000	1000	1000	1000	1002	88.47286299999998
root-paired/literal.json	rootBind	simple_bind_root	0	before	5	1000	1000	1000	1000	1002	96.00929099999999
root-paired/literal.json	rootBind	simple_bind_root	0	current	5	1000	1000	1000	1000	1002	94.32313500000012
root-paired/literal.json	rootBind	simple_bind_root	0	openldap	5	1000	1000	1000	1000	1002	80.66549900000003
root-paired/literal.json	rootBind	simple_bind_root	0	before	6	1000	1000	1000	1000	1002	84.65842700000006
root-paired/literal.json	rootBind	simple_bind_root	0	current	6	1000	1000	1000	1000	1002	85.926583
root-paired/literal.json	rootBind	simple_bind_root	0	openldap	6	1000	1000	1000	1000	1002	69.89958600000007
root-paired/literal.json	rootBind	simple_bind_root	0	before	7	1000	1000	1000	1000	1002	77.91540199999999
root-paired/literal.json	rootBind	simple_bind_root	0	current	7	1000	1000	1000	1000	1002	76.30333699999994
root-paired/literal.json	rootBind	simple_bind_root	0	openldap	7	1000	1000	1000	1000	1002	66.0460020000001
root-paired/literal.json	rootBase	base_objectclass_root	0	before	1	1000	1000	1000	1000	1002	82.076364
root-paired/literal.json	rootBase	base_objectclass_root	0	current	1	1000	1000	1000	1000	1002	84.64455099999999
root-paired/literal.json	rootBase	base_objectclass_root	0	openldap	1	1000	1000	1000	1000	1002	73.38983700000014
root-paired/literal.json	rootBase	base_objectclass_root	0	before	2	1000	1000	1000	1000	1002	94.42621999999999
root-paired/literal.json	rootBase	base_objectclass_root	0	current	2	1000	1000	1000	1000	1002	95.05459700000017
root-paired/literal.json	rootBase	base_objectclass_root	0	openldap	2	1000	1000	1000	1000	1002	81.16603099999983
root-paired/literal.json	rootBase	base_objectclass_root	0	before	3	1000	1000	1000	1000	1002	87.29771099999994
root-paired/literal.json	rootBase	base_objectclass_root	0	current	3	1000	1000	1000	1000	1002	89.12953499999993
root-paired/literal.json	rootBase	base_objectclass_root	0	openldap	3	1000	1000	1000	1000	1002	84.7211150000001
root-paired/literal.json	rootBase	base_objectclass_root	0	before	4	1000	1000	1000	1000	1002	87.37794499999997
root-paired/literal.json	rootBase	base_objectclass_root	0	current	4	1000	1000	1000	1000	1002	91.01537899999991
root-paired/literal.json	rootBase	base_objectclass_root	0	openldap	4	1000	1000	1000	1000	1002	72.37842299999998
root-paired/literal.json	rootBase	base_objectclass_root	0	before	5	1000	1000	1000	1000	1002	85.08515799999998
root-paired/literal.json	rootBase	base_objectclass_root	0	current	5	1000	1000	1000	1000	1002	85.33703400000006
root-paired/literal.json	rootBase	base_objectclass_root	0	openldap	5	1000	1000	1000	1000	1002	72.59743799999998
root-paired/literal.json	rootBase	base_objectclass_root	0	before	6	1000	1000	1000	1000	1002	88.87480900000004
root-paired/literal.json	rootBase	base_objectclass_root	0	current	6	1000	1000	1000	1000	1002	87.119708
root-paired/literal.json	rootBase	base_objectclass_root	0	openldap	6	1000	1000	1000	1000	1002	71.51721500000002
root-paired/literal.json	rootBase	base_objectclass_root	0	before	7	1000	1000	1000	1000	1002	85.59088099999991
root-paired/literal.json	rootBase	base_objectclass_root	0	current	7	1000	1000	1000	1000	1002	90.03767099999986
root-paired/literal.json	rootBase	base_objectclass_root	0	openldap	7	1000	1000	1000	1000	1002	71.99529200000009
root-paired/literal.json	rootEquality	subtree_uid_equality_root	0	before	1	1000	1000	1000	1000	1002	83.17262700000006
root-paired/literal.json	rootEquality	subtree_uid_equality_root	0	current	1	1000	1000	1000	1000	1002	82.08476200000007
root-paired/literal.json	rootEquality	subtree_uid_equality_root	0	openldap	1	1000	1000	1000	1000	1002	67.453947
root-paired/literal.json	rootEquality	subtree_uid_equality_root	0	before	2	1000	1000	1000	1000	1002	102.42996600000004
root-paired/literal.json	rootEquality	subtree_uid_equality_root	0	current	2	1000	1000	1000	1000	1002	101.85042200000002
root-paired/literal.json	rootEquality	subtree_uid_equality_root	0	openldap	2	1000	1000	1000	1000	1002	84.74927299999992
root-paired/literal.json	rootEquality	subtree_uid_equality_root	0	before	3	1000	1000	1000	1000	1002	88.0584010000001
root-paired/literal.json	rootEquality	subtree_uid_equality_root	0	current	3	1000	1000	1000	1000	1002	87.59943199999995
root-paired/literal.json	rootEquality	subtree_uid_equality_root	0	openldap	3	1000	1000	1000	1000	1002	74.90842099999998
root-paired/literal.json	rootEquality	subtree_uid_equality_root	0	before	4	1000	1000	1000	1000	1002	90.93634800000007
root-paired/literal.json	rootEquality	subtree_uid_equality_root	0	current	4	1000	1000	1000	1000	1002	91.5412949999999
root-paired/literal.json	rootEquality	subtree_uid_equality_root	0	openldap	4	1000	1000	1000	1000	1002	75.12237200000011
root-paired/literal.json	rootEquality	subtree_uid_equality_root	0	before	5	1000	1000	1000	1000	1002	82.94417299999999
root-paired/literal.json	rootEquality	subtree_uid_equality_root	0	current	5	1000	1000	1000	1000	1002	86.979263
root-paired/literal.json	rootEquality	subtree_uid_equality_root	0	openldap	5	1000	1000	1000	1000	1002	71.91106999999994
root-paired/literal.json	rootEquality	subtree_uid_equality_root	0	before	6	1000	1000	1000	1000	1002	85.00653999999999
root-paired/literal.json	rootEquality	subtree_uid_equality_root	0	current	6	1000	1000	1000	1000	1002	86.06899499999997
root-paired/literal.json	rootEquality	subtree_uid_equality_root	0	openldap	6	1000	1000	1000	1000	1002	67.80808499999992
root-paired/literal.json	rootEquality	subtree_uid_equality_root	0	before	7	1000	1000	1000	1000	1002	100.22576899999994
root-paired/literal.json	rootEquality	subtree_uid_equality_root	0	current	7	1000	1000	1000	1000	1002	99.33859699999985
root-paired/literal.json	rootEquality	subtree_uid_equality_root	0	openldap	7	1000	1000	1000	1000	1002	79.25043600000011
root-paired/literal.json	rootCompareTrue	compare_uid_true_root	0	before	1	1000	1000	1000	1000	1002	85.173926
root-paired/literal.json	rootCompareTrue	compare_uid_true_root	0	current	1	1000	1000	1000	1000	1002	85.12560799999997
root-paired/literal.json	rootCompareTrue	compare_uid_true_root	0	openldap	1	1000	1000	1000	1000	1002	70.83422100000006
root-paired/literal.json	rootCompareTrue	compare_uid_true_root	0	before	2	1000	1000	1000	1000	1002	75.76375799999997
root-paired/literal.json	rootCompareTrue	compare_uid_true_root	0	current	2	1000	1000	1000	1000	1002	76.26454699999995
root-paired/literal.json	rootCompareTrue	compare_uid_true_root	0	openldap	2	1000	1000	1000	1000	1002	65.38791199999996
root-paired/literal.json	rootCompareTrue	compare_uid_true_root	0	before	3	1000	1000	1000	1000	1002	77.32324499999999
root-paired/literal.json	rootCompareTrue	compare_uid_true_root	0	current	3	1000	1000	1000	1000	1002	76.60129099999997
root-paired/literal.json	rootCompareTrue	compare_uid_true_root	0	openldap	3	1000	1000	1000	1000	1002	64.17603599999994
root-paired/literal.json	rootCompareTrue	compare_uid_true_root	0	before	4	1000	1000	1000	1000	1002	79.25020300000007
root-paired/literal.json	rootCompareTrue	compare_uid_true_root	0	current	4	1000	1000	1000	1000	1002	81.362264
root-paired/literal.json	rootCompareTrue	compare_uid_true_root	0	openldap	4	1000	1000	1000	1000	1002	70.94244800000004
root-paired/literal.json	rootCompareTrue	compare_uid_true_root	0	before	5	1000	1000	1000	1000	1002	84.67653400000006
root-paired/literal.json	rootCompareTrue	compare_uid_true_root	0	current	5	1000	1000	1000	1000	1002	83.06283200000003
root-paired/literal.json	rootCompareTrue	compare_uid_true_root	0	openldap	5	1000	1000	1000	1000	1002	67.65044499999993
root-paired/literal.json	rootCompareTrue	compare_uid_true_root	0	before	6	1000	1000	1000	1000	1002	99.63927800000009
root-paired/literal.json	rootCompareTrue	compare_uid_true_root	0	current	6	1000	1000	1000	1000	1002	104.10203699999992
root-paired/literal.json	rootCompareTrue	compare_uid_true_root	0	openldap	6	1000	1000	1000	1000	1002	82.613977
root-paired/literal.json	rootCompareTrue	compare_uid_true_root	0	before	7	1000	1000	1000	1000	1002	88.37545600000021
root-paired/literal.json	rootCompareTrue	compare_uid_true_root	0	current	7	1000	1000	1000	1000	1002	90.24254899999997
root-paired/literal.json	rootCompareTrue	compare_uid_true_root	0	openldap	7	1000	1000	1000	1000	1002	74.33711400000003
root-paired/literal.json	rootCompareFalse	compare_uid_false_root	0	before	1	1000	1000	1000	1000	1002	84.33845899999992
root-paired/literal.json	rootCompareFalse	compare_uid_false_root	0	current	1	1000	1000	1000	1000	1002	85.7825419999999
root-paired/literal.json	rootCompareFalse	compare_uid_false_root	0	openldap	1	1000	1000	1000	1000	1002	71.30381700000004
root-paired/literal.json	rootCompareFalse	compare_uid_false_root	0	before	2	1000	1000	1000	1000	1002	91.16200400000001
root-paired/literal.json	rootCompareFalse	compare_uid_false_root	0	current	2	1000	1000	1000	1000	1002	87.52865500000006
root-paired/literal.json	rootCompareFalse	compare_uid_false_root	0	openldap	2	1000	1000	1000	1000	1002	73.934489
root-paired/literal.json	rootCompareFalse	compare_uid_false_root	0	before	3	1000	1000	1000	1000	1002	91.4211519999999
root-paired/literal.json	rootCompareFalse	compare_uid_false_root	0	current	3	1000	1000	1000	1000	1002	94.83908700000003
root-paired/literal.json	rootCompareFalse	compare_uid_false_root	0	openldap	3	1000	1000	1000	1000	1002	76.90962600000002
root-paired/literal.json	rootCompareFalse	compare_uid_false_root	0	before	4	1000	1000	1000	1000	1002	90.08024000000007
root-paired/literal.json	rootCompareFalse	compare_uid_false_root	0	current	4	1000	1000	1000	1000	1002	89.35025200000001
root-paired/literal.json	rootCompareFalse	compare_uid_false_root	0	openldap	4	1000	1000	1000	1000	1002	73.45966499999994
root-paired/literal.json	rootCompareFalse	compare_uid_false_root	0	before	5	1000	1000	1000	1000	1002	80.87245099999993
root-paired/literal.json	rootCompareFalse	compare_uid_false_root	0	current	5	1000	1000	1000	1000	1002	81.91382499999999
root-paired/literal.json	rootCompareFalse	compare_uid_false_root	0	openldap	5	1000	1000	1000	1000	1002	66.98461000000007
root-paired/literal.json	rootCompareFalse	compare_uid_false_root	0	before	6	1000	1000	1000	1000	1002	85.129764
root-paired/literal.json	rootCompareFalse	compare_uid_false_root	0	current	6	1000	1000	1000	1000	1002	86.52787700000003
root-paired/literal.json	rootCompareFalse	compare_uid_false_root	0	openldap	6	1000	1000	1000	1000	1002	71.75053700000004
root-paired/literal.json	rootCompareFalse	compare_uid_false_root	0	before	7	1000	1000	1000	1000	1002	88.42199099999993
root-paired/literal.json	rootCompareFalse	compare_uid_false_root	0	current	7	1000	1000	1000	1000	1002	92.43150199999987
root-paired/literal.json	rootCompareFalse	compare_uid_false_root	0	openldap	7	1000	1000	1000	1000	1002	73.20145499999995
root-paired/literal-smoke.json	rootBind	simple_bind_root	0	before	1	2	2	2	2	4	0.724374
root-paired/literal-smoke.json	rootBind	simple_bind_root	0	current	1	2	2	2	2	4	0.73125
root-paired/literal-smoke.json	rootBind	simple_bind_root	0	openldap	1	2	2	2	2	4	0.485541
root-paired/literal-smoke.json	rootBase	base_objectclass_root	0	before	1	2	2	2	2	4	0.552208
root-paired/literal-smoke.json	rootBase	base_objectclass_root	0	current	1	2	2	2	2	4	1.1856659999999999
root-paired/literal-smoke.json	rootBase	base_objectclass_root	0	openldap	1	2	2	2	2	4	0.5065
root-paired/literal-smoke.json	rootEquality	subtree_uid_equality_root	0	before	1	2	2	2	2	4	0.495582
root-paired/literal-smoke.json	rootEquality	subtree_uid_equality_root	0	current	1	2	2	2	2	4	0.613417
root-paired/literal-smoke.json	rootEquality	subtree_uid_equality_root	0	openldap	1	2	2	2	2	4	0.407959
root-paired/literal-smoke.json	rootCompareTrue	compare_uid_true_root	0	before	1	2	2	2	2	4	0.548792
root-paired/literal-smoke.json	rootCompareTrue	compare_uid_true_root	0	current	1	2	2	2	2	4	0.8195
root-paired/literal-smoke.json	rootCompareTrue	compare_uid_true_root	0	openldap	1	2	2	2	2	4	0.582874
root-paired/literal-smoke.json	rootCompareFalse	compare_uid_false_root	0	before	1	2	2	2	2	4	0.49970899999999996
root-paired/literal-smoke.json	rootCompareFalse	compare_uid_false_root	0	current	1	2	2	2	2	4	0.470708
root-paired/literal-smoke.json	rootCompareFalse	compare_uid_false_root	0	openldap	1	2	2	2	2	4	0.429835
root-paired/normalized.json	rootBind	simple_bind_root	0	before	1	1000	1000	1000	1000	1002	91.48762600000003
root-paired/normalized.json	rootBind	simple_bind_root	0	current	1	1000	1000	1000	1000	1002	89.35623900000003
root-paired/normalized.json	rootBind	simple_bind_root	0	openldap	1	1000	1000	1000	1000	1002	75.57163100000002
root-paired/normalized.json	rootBind	simple_bind_root	0	before	2	1000	1000	1000	1000	1002	93.28231999999996
root-paired/normalized.json	rootBind	simple_bind_root	0	current	2	1000	1000	1000	1000	1002	91.40050500000027
root-paired/normalized.json	rootBind	simple_bind_root	0	openldap	2	1000	1000	1000	1000	1002	73.04694299999994
root-paired/normalized.json	rootBind	simple_bind_root	0	before	3	1000	1000	1000	1000	1002	81.99832500000001
root-paired/normalized.json	rootBind	simple_bind_root	0	current	3	1000	1000	1000	1000	1002	83.8665760000001
root-paired/normalized.json	rootBind	simple_bind_root	0	openldap	3	1000	1000	1000	1000	1002	69.18671900000011
root-paired/normalized.json	rootBind	simple_bind_root	0	before	4	1000	1000	1000	1000	1002	80.21969099999994
root-paired/normalized.json	rootBind	simple_bind_root	0	current	4	1000	1000	1000	1000	1002	80.98034600000007
root-paired/normalized.json	rootBind	simple_bind_root	0	openldap	4	1000	1000	1000	1000	1002	66.07039399999992
root-paired/normalized.json	rootBind	simple_bind_root	0	before	5	1000	1000	1000	1000	1002	84.36760399999997
root-paired/normalized.json	rootBind	simple_bind_root	0	current	5	1000	1000	1000	1000	1002	82.99235900000002
root-paired/normalized.json	rootBind	simple_bind_root	0	openldap	5	1000	1000	1000	1000	1002	70.75554200000005
root-paired/normalized.json	rootBind	simple_bind_root	0	before	6	1000	1000	1000	1000	1002	94.88783400000007
root-paired/normalized.json	rootBind	simple_bind_root	0	current	6	1000	1000	1000	1000	1002	96.04832099999996
root-paired/normalized.json	rootBind	simple_bind_root	0	openldap	6	1000	1000	1000	1000	1002	76.06832299999999
root-paired/normalized.json	rootBind	simple_bind_root	0	before	7	1000	1000	1000	1000	1002	86.54997799999987
root-paired/normalized.json	rootBind	simple_bind_root	0	current	7	1000	1000	1000	1000	1002	92.19554000000011
root-paired/normalized.json	rootBind	simple_bind_root	0	openldap	7	1000	1000	1000	1000	1002	69.72313000000008
root-paired/normalized.json	rootBase	base_objectclass_root	0	before	1	1000	1000	1000	1000	1002	84.32975700000001
root-paired/normalized.json	rootBase	base_objectclass_root	0	current	1	1000	1000	1000	1000	1002	85.71931599999976
root-paired/normalized.json	rootBase	base_objectclass_root	0	openldap	1	1000	1000	1000	1000	1002	71.03820500000012
root-paired/normalized.json	rootBase	base_objectclass_root	0	before	2	1000	1000	1000	1000	1002	90.82914400000003
root-paired/normalized.json	rootBase	base_objectclass_root	0	current	2	1000	1000	1000	1000	1002	87.73563100000011
root-paired/normalized.json	rootBase	base_objectclass_root	0	openldap	2	1000	1000	1000	1000	1002	74.08437199999999
root-paired/normalized.json	rootBase	base_objectclass_root	0	before	3	1000	1000	1000	1000	1002	85.77236999999998
root-paired/normalized.json	rootBase	base_objectclass_root	0	current	3	1000	1000	1000	1000	1002	82.60570899999998
root-paired/normalized.json	rootBase	base_objectclass_root	0	openldap	3	1000	1000	1000	1000	1002	69.63863699999987
root-paired/normalized.json	rootBase	base_objectclass_root	0	before	4	1000	1000	1000	1000	1002	90.77263199999997
root-paired/normalized.json	rootBase	base_objectclass_root	0	current	4	1000	1000	1000	1000	1002	91.00665900000003
root-paired/normalized.json	rootBase	base_objectclass_root	0	openldap	4	1000	1000	1000	1000	1002	77.58695
root-paired/normalized.json	rootBase	base_objectclass_root	0	before	5	1000	1000	1000	1000	1002	105.61429500000001
root-paired/normalized.json	rootBase	base_objectclass_root	0	current	5	1000	1000	1000	1000	1002	107.02971699999993
root-paired/normalized.json	rootBase	base_objectclass_root	0	openldap	5	1000	1000	1000	1000	1002	86.96433800000008
root-paired/normalized.json	rootBase	base_objectclass_root	0	before	6	1000	1000	1000	1000	1002	83.31203599999999
root-paired/normalized.json	rootBase	base_objectclass_root	0	current	6	1000	1000	1000	1000	1002	84.98693300000014
root-paired/normalized.json	rootBase	base_objectclass_root	0	openldap	6	1000	1000	1000	1000	1002	71.05388900000003
root-paired/normalized.json	rootBase	base_objectclass_root	0	before	7	1000	1000	1000	1000	1002	78.31924799999999
root-paired/normalized.json	rootBase	base_objectclass_root	0	current	7	1000	1000	1000	1000	1002	77.74782400000005
root-paired/normalized.json	rootBase	base_objectclass_root	0	openldap	7	1000	1000	1000	1000	1002	65.09286799999997
root-paired/normalized.json	rootEquality	subtree_uid_equality_root	0	before	1	1000	1000	1000	1000	1002	91.31960500000001
root-paired/normalized.json	rootEquality	subtree_uid_equality_root	0	current	1	1000	1000	1000	1000	1002	89.27077099999997
root-paired/normalized.json	rootEquality	subtree_uid_equality_root	0	openldap	1	1000	1000	1000	1000	1002	73.64278599999993
root-paired/normalized.json	rootEquality	subtree_uid_equality_root	0	before	2	1000	1000	1000	1000	1002	91.42221500000012
root-paired/normalized.json	rootEquality	subtree_uid_equality_root	0	current	2	1000	1000	1000	1000	1002	90.21941599999988
root-paired/normalized.json	rootEquality	subtree_uid_equality_root	0	openldap	2	1000	1000	1000	1000	1002	74.25623899999998
root-paired/normalized.json	rootEquality	subtree_uid_equality_root	0	before	3	1000	1000	1000	1000	1002	81.69011099999997
root-paired/normalized.json	rootEquality	subtree_uid_equality_root	0	current	3	1000	1000	1000	1000	1002	86.36377399999995
root-paired/normalized.json	rootEquality	subtree_uid_equality_root	0	openldap	3	1000	1000	1000	1000	1002	68.28396100000002
root-paired/normalized.json	rootEquality	subtree_uid_equality_root	0	before	4	1000	1000	1000	1000	1002	85.511495
root-paired/normalized.json	rootEquality	subtree_uid_equality_root	0	current	4	1000	1000	1000	1000	1002	87.75191300000013
root-paired/normalized.json	rootEquality	subtree_uid_equality_root	0	openldap	4	1000	1000	1000	1000	1002	70.50017399999994
root-paired/normalized.json	rootEquality	subtree_uid_equality_root	0	before	5	1000	1000	1000	1000	1002	124.02458600000018
root-paired/normalized.json	rootEquality	subtree_uid_equality_root	0	current	5	1000	1000	1000	1000	1002	138.38665999999992
root-paired/normalized.json	rootEquality	subtree_uid_equality_root	0	openldap	5	1000	1000	1000	1000	1002	119.53845000000013
root-paired/normalized.json	rootEquality	subtree_uid_equality_root	0	before	6	1000	1000	1000	1000	1002	94.17084499999999
root-paired/normalized.json	rootEquality	subtree_uid_equality_root	0	current	6	1000	1000	1000	1000	1002	96.33301399999996
root-paired/normalized.json	rootEquality	subtree_uid_equality_root	0	openldap	6	1000	1000	1000	1000	1002	75.84004100000011
root-paired/normalized.json	rootEquality	subtree_uid_equality_root	0	before	7	1000	1000	1000	1000	1002	88.49478700000003
root-paired/normalized.json	rootEquality	subtree_uid_equality_root	0	current	7	1000	1000	1000	1000	1002	89.22747999999997
root-paired/normalized.json	rootEquality	subtree_uid_equality_root	0	openldap	7	1000	1000	1000	1000	1002	71.51646399999998
root-paired/normalized.json	rootCompareTrue	compare_uid_true_root	0	before	1	1000	1000	1000	1000	1002	80.64877799999994
root-paired/normalized.json	rootCompareTrue	compare_uid_true_root	0	current	1	1000	1000	1000	1000	1002	84.37724500000004
root-paired/normalized.json	rootCompareTrue	compare_uid_true_root	0	openldap	1	1000	1000	1000	1000	1002	72.54655900000007
root-paired/normalized.json	rootCompareTrue	compare_uid_true_root	0	before	2	1000	1000	1000	1000	1002	93.58568900000004
root-paired/normalized.json	rootCompareTrue	compare_uid_true_root	0	current	2	1000	1000	1000	1000	1002	92.87500900000018
root-paired/normalized.json	rootCompareTrue	compare_uid_true_root	0	openldap	2	1000	1000	1000	1000	1002	78.63786699999999
root-paired/normalized.json	rootCompareTrue	compare_uid_true_root	0	before	3	1000	1000	1000	1000	1002	85.6454969999999
root-paired/normalized.json	rootCompareTrue	compare_uid_true_root	0	current	3	1000	1000	1000	1000	1002	88.80207399999996
root-paired/normalized.json	rootCompareTrue	compare_uid_true_root	0	openldap	3	1000	1000	1000	1000	1002	69.93553399999995
root-paired/normalized.json	rootCompareTrue	compare_uid_true_root	0	before	4	1000	1000	1000	1000	1002	84.19292099999996
root-paired/normalized.json	rootCompareTrue	compare_uid_true_root	0	current	4	1000	1000	1000	1000	1002	84.28940899999999
root-paired/normalized.json	rootCompareTrue	compare_uid_true_root	0	openldap	4	1000	1000	1000	1000	1002	71.50428000000004
root-paired/normalized.json	rootCompareTrue	compare_uid_true_root	0	before	5	1000	1000	1000	1000	1002	92.57898000000006
root-paired/normalized.json	rootCompareTrue	compare_uid_true_root	0	current	5	1000	1000	1000	1000	1002	91.05841699999998
root-paired/normalized.json	rootCompareTrue	compare_uid_true_root	0	openldap	5	1000	1000	1000	1000	1002	80.718629
root-paired/normalized.json	rootCompareTrue	compare_uid_true_root	0	before	6	1000	1000	1000	1000	1002	91.184219
root-paired/normalized.json	rootCompareTrue	compare_uid_true_root	0	current	6	1000	1000	1000	1000	1002	88.50345099999991
root-paired/normalized.json	rootCompareTrue	compare_uid_true_root	0	openldap	6	1000	1000	1000	1000	1002	75.10173100000006
root-paired/normalized.json	rootCompareTrue	compare_uid_true_root	0	before	7	1000	1000	1000	1000	1002	86.550935
root-paired/normalized.json	rootCompareTrue	compare_uid_true_root	0	current	7	1000	1000	1000	1000	1002	86.39417800000003
root-paired/normalized.json	rootCompareTrue	compare_uid_true_root	0	openldap	7	1000	1000	1000	1000	1002	71.49605499999993
root-paired/normalized.json	rootCompareFalse	compare_uid_false_root	0	before	1	1000	1000	1000	1000	1002	80.6765509999999
root-paired/normalized.json	rootCompareFalse	compare_uid_false_root	0	current	1	1000	1000	1000	1000	1002	79.06215500000009
root-paired/normalized.json	rootCompareFalse	compare_uid_false_root	0	openldap	1	1000	1000	1000	1000	1002	68.41369300000005
root-paired/normalized.json	rootCompareFalse	compare_uid_false_root	0	before	2	1000	1000	1000	1000	1002	96.68938799999991
root-paired/normalized.json	rootCompareFalse	compare_uid_false_root	0	current	2	1000	1000	1000	1000	1002	98.01575200000002
root-paired/normalized.json	rootCompareFalse	compare_uid_false_root	0	openldap	2	1000	1000	1000	1000	1002	79.27832499999998
root-paired/normalized.json	rootCompareFalse	compare_uid_false_root	0	before	3	1000	1000	1000	1000	1002	94.28266299999999
root-paired/normalized.json	rootCompareFalse	compare_uid_false_root	0	current	3	1000	1000	1000	1000	1002	92.85891100000009
root-paired/normalized.json	rootCompareFalse	compare_uid_false_root	0	openldap	3	1000	1000	1000	1000	1002	75.78850800000006
root-paired/normalized.json	rootCompareFalse	compare_uid_false_root	0	before	4	1000	1000	1000	1000	1002	89.66484299999998
root-paired/normalized.json	rootCompareFalse	compare_uid_false_root	0	current	4	1000	1000	1000	1000	1002	86.00305499999996
root-paired/normalized.json	rootCompareFalse	compare_uid_false_root	0	openldap	4	1000	1000	1000	1000	1002	69.58575900000001
root-paired/normalized.json	rootCompareFalse	compare_uid_false_root	0	before	5	1000	1000	1000	1000	1002	81.25400500000019
root-paired/normalized.json	rootCompareFalse	compare_uid_false_root	0	current	5	1000	1000	1000	1000	1002	81.96017100000009
root-paired/normalized.json	rootCompareFalse	compare_uid_false_root	0	openldap	5	1000	1000	1000	1000	1002	66.68713300000005
root-paired/normalized.json	rootCompareFalse	compare_uid_false_root	0	before	6	1000	1000	1000	1000	1002	95.29783200000014
root-paired/normalized.json	rootCompareFalse	compare_uid_false_root	0	current	6	1000	1000	1000	1000	1002	97.12220299999997
root-paired/normalized.json	rootCompareFalse	compare_uid_false_root	0	openldap	6	1000	1000	1000	1000	1002	81.71160699999992
root-paired/normalized.json	rootCompareFalse	compare_uid_false_root	0	before	7	1000	1000	1000	1000	1002	91.58008300000003
root-paired/normalized.json	rootCompareFalse	compare_uid_false_root	0	current	7	1000	1000	1000	1000	1002	93.60232800000004
root-paired/normalized.json	rootCompareFalse	compare_uid_false_root	0	openldap	7	1000	1000	1000	1000	1002	76.75337599999997
root-paired/normalized-smoke.json	rootBind	simple_bind_root	0	before	1	2	2	2	2	4	0.47783299999999995
root-paired/normalized-smoke.json	rootBind	simple_bind_root	0	current	1	2	2	2	2	4	0.523751
root-paired/normalized-smoke.json	rootBind	simple_bind_root	0	openldap	1	2	2	2	2	4	0.242416
root-paired/normalized-smoke.json	rootBase	base_objectclass_root	0	before	1	2	2	2	2	4	0.30749899999999997
root-paired/normalized-smoke.json	rootBase	base_objectclass_root	0	current	1	2	2	2	2	4	0.317167
root-paired/normalized-smoke.json	rootBase	base_objectclass_root	0	openldap	1	2	2	2	2	4	0.223209
root-paired/normalized-smoke.json	rootEquality	subtree_uid_equality_root	0	before	1	2	2	2	2	4	0.313584
root-paired/normalized-smoke.json	rootEquality	subtree_uid_equality_root	0	current	1	2	2	2	2	4	0.306626
root-paired/normalized-smoke.json	rootEquality	subtree_uid_equality_root	0	openldap	1	2	2	2	2	4	0.255083
root-paired/normalized-smoke.json	rootCompareTrue	compare_uid_true_root	0	before	1	2	2	2	2	4	0.32304
root-paired/normalized-smoke.json	rootCompareTrue	compare_uid_true_root	0	current	1	2	2	2	2	4	0.333875
root-paired/normalized-smoke.json	rootCompareTrue	compare_uid_true_root	0	openldap	1	2	2	2	2	4	0.299167
root-paired/normalized-smoke.json	rootCompareFalse	compare_uid_false_root	0	before	1	2	2	2	2	4	0.349833
root-paired/normalized-smoke.json	rootCompareFalse	compare_uid_false_root	0	current	1	2	2	2	2	4	0.324208
root-paired/normalized-smoke.json	rootCompareFalse	compare_uid_false_root	0	openldap	1	2	2	2	2	4	0.284167
explicit-group-compare/groups.json	groupCompareTrueFirst	compare_member_true_first	10	before	1	20	20	20	20	22	2.2330849999999995
explicit-group-compare/groups.json	groupCompareTrueFirst	compare_member_true_first	10	current	1	20	20	20	20	22	2.046373
explicit-group-compare/groups.json	groupCompareTrueFirst	compare_member_true_first	10	openldap	1	20	20	20	20	22	1.6290830000000003
explicit-group-compare/groups.json	groupCompareTrueFirst	compare_member_true_first	10	before	2	20	20	20	20	22	2.5770850000000003
explicit-group-compare/groups.json	groupCompareTrueFirst	compare_member_true_first	10	current	2	20	20	20	20	22	2.6013769999999994
explicit-group-compare/groups.json	groupCompareTrueFirst	compare_member_true_first	10	openldap	2	20	20	20	20	22	1.9549990000000002
explicit-group-compare/groups.json	groupCompareTrueFirst	compare_member_true_first	10	before	3	20	20	20	20	22	2.04346
explicit-group-compare/groups.json	groupCompareTrueFirst	compare_member_true_first	10	current	3	20	20	20	20	22	2.1245380000000003
explicit-group-compare/groups.json	groupCompareTrueFirst	compare_member_true_first	10	openldap	3	20	20	20	20	22	1.634416
explicit-group-compare/groups.json	groupCompareTrueFirst	compare_member_true_first	10	before	4	20	20	20	20	22	2.1409190000000002
explicit-group-compare/groups.json	groupCompareTrueFirst	compare_member_true_first	10	current	4	20	20	20	20	22	1.943999
explicit-group-compare/groups.json	groupCompareTrueFirst	compare_member_true_first	10	openldap	4	20	20	20	20	22	1.5877090000000005
explicit-group-compare/groups.json	groupCompareTrueFirst	compare_member_true_first	10	before	5	20	20	20	20	22	1.7595410000000002
explicit-group-compare/groups.json	groupCompareTrueFirst	compare_member_true_first	10	current	5	20	20	20	20	22	1.655497
explicit-group-compare/groups.json	groupCompareTrueFirst	compare_member_true_first	10	openldap	5	20	20	20	20	22	1.4243759999999999
explicit-group-compare/groups.json	groupCompareTrueFirst	compare_member_true_first	1000	before	1	20	20	20	20	22	1.879666
explicit-group-compare/groups.json	groupCompareTrueFirst	compare_member_true_first	1000	current	1	20	20	20	20	22	1.7788340000000002
explicit-group-compare/groups.json	groupCompareTrueFirst	compare_member_true_first	1000	openldap	1	20	20	20	20	22	1.4087930000000002
explicit-group-compare/groups.json	groupCompareTrueFirst	compare_member_true_first	1000	before	2	20	20	20	20	22	1.8010849999999996
explicit-group-compare/groups.json	groupCompareTrueFirst	compare_member_true_first	1000	current	2	20	20	20	20	22	1.7191640000000001
explicit-group-compare/groups.json	groupCompareTrueFirst	compare_member_true_first	1000	openldap	2	20	20	20	20	22	1.3338729999999999
explicit-group-compare/groups.json	groupCompareTrueFirst	compare_member_true_first	1000	before	3	20	20	20	20	22	1.907707
explicit-group-compare/groups.json	groupCompareTrueFirst	compare_member_true_first	1000	current	3	20	20	20	20	22	1.8078750000000001
explicit-group-compare/groups.json	groupCompareTrueFirst	compare_member_true_first	1000	openldap	3	20	20	20	20	22	1.545792
explicit-group-compare/groups.json	groupCompareTrueFirst	compare_member_true_first	1000	before	4	20	20	20	20	22	4.724168
explicit-group-compare/groups.json	groupCompareTrueFirst	compare_member_true_first	1000	current	4	20	20	20	20	22	6.070835
explicit-group-compare/groups.json	groupCompareTrueFirst	compare_member_true_first	1000	openldap	4	20	20	20	20	22	1.9693330000000004
explicit-group-compare/groups.json	groupCompareTrueFirst	compare_member_true_first	1000	before	5	20	20	20	20	22	3.0500419999999995
explicit-group-compare/groups.json	groupCompareTrueFirst	compare_member_true_first	1000	current	5	20	20	20	20	22	2.2257480000000003
explicit-group-compare/groups.json	groupCompareTrueFirst	compare_member_true_first	1000	openldap	5	20	20	20	20	22	1.9630830000000001
explicit-group-compare/groups.json	groupCompareTrueLast	compare_member_true_last	10	before	1	20	20	20	20	22	2.600084
explicit-group-compare/groups.json	groupCompareTrueLast	compare_member_true_last	10	current	1	20	20	20	20	22	2.8724160000000003
explicit-group-compare/groups.json	groupCompareTrueLast	compare_member_true_last	10	openldap	1	20	20	20	20	22	2.04754
explicit-group-compare/groups.json	groupCompareTrueLast	compare_member_true_last	10	before	2	20	20	20	20	22	2.167833
explicit-group-compare/groups.json	groupCompareTrueLast	compare_member_true_last	10	current	2	20	20	20	20	22	2.072792
explicit-group-compare/groups.json	groupCompareTrueLast	compare_member_true_last	10	openldap	2	20	20	20	20	22	1.6713749999999998
explicit-group-compare/groups.json	groupCompareTrueLast	compare_member_true_last	10	before	3	20	20	20	20	22	2.545462
explicit-group-compare/groups.json	groupCompareTrueLast	compare_member_true_last	10	current	3	20	20	20	20	22	2.1453770000000008
explicit-group-compare/groups.json	groupCompareTrueLast	compare_member_true_last	10	openldap	3	20	20	20	20	22	1.8259579999999997
explicit-group-compare/groups.json	groupCompareTrueLast	compare_member_true_last	10	before	4	20	20	20	20	22	1.884124
explicit-group-compare/groups.json	groupCompareTrueLast	compare_member_true_last	10	current	4	20	20	20	20	22	1.9908789999999998
explicit-group-compare/groups.json	groupCompareTrueLast	compare_member_true_last	10	openldap	4	20	20	20	20	22	1.68196
explicit-group-compare/groups.json	groupCompareTrueLast	compare_member_true_last	10	before	5	20	20	20	20	22	1.775247
explicit-group-compare/groups.json	groupCompareTrueLast	compare_member_true_last	10	current	5	20	20	20	20	22	1.9334989999999999
explicit-group-compare/groups.json	groupCompareTrueLast	compare_member_true_last	10	openldap	5	20	20	20	20	22	1.5953359999999999
explicit-group-compare/groups.json	groupCompareTrueLast	compare_member_true_last	1000	before	1	20	20	20	20	22	3.579082
explicit-group-compare/groups.json	groupCompareTrueLast	compare_member_true_last	1000	current	1	20	20	20	20	22	3.1413729999999997
explicit-group-compare/groups.json	groupCompareTrueLast	compare_member_true_last	1000	openldap	1	20	20	20	20	22	2.06725
explicit-group-compare/groups.json	groupCompareTrueLast	compare_member_true_last	1000	before	2	20	20	20	20	22	5.217623000000001
explicit-group-compare/groups.json	groupCompareTrueLast	compare_member_true_last	1000	current	2	20	20	20	20	22	4.519877
explicit-group-compare/groups.json	groupCompareTrueLast	compare_member_true_last	1000	openldap	2	20	20	20	20	22	3.2002900000000003
explicit-group-compare/groups.json	groupCompareTrueLast	compare_member_true_last	1000	before	3	20	20	20	20	22	4.95371
explicit-group-compare/groups.json	groupCompareTrueLast	compare_member_true_last	1000	current	3	20	20	20	20	22	4.126791000000001
explicit-group-compare/groups.json	groupCompareTrueLast	compare_member_true_last	1000	openldap	3	20	20	20	20	22	3.6451689999999997
explicit-group-compare/groups.json	groupCompareTrueLast	compare_member_true_last	1000	before	4	20	20	20	20	22	4.993416999999999
explicit-group-compare/groups.json	groupCompareTrueLast	compare_member_true_last	1000	current	4	20	20	20	20	22	4.497495999999999
explicit-group-compare/groups.json	groupCompareTrueLast	compare_member_true_last	1000	openldap	4	20	20	20	20	22	3.098503
explicit-group-compare/groups.json	groupCompareTrueLast	compare_member_true_last	1000	before	5	20	20	20	20	22	6.198586
explicit-group-compare/groups.json	groupCompareTrueLast	compare_member_true_last	1000	current	5	20	20	20	20	22	5.930458999999999
explicit-group-compare/groups.json	groupCompareTrueLast	compare_member_true_last	1000	openldap	5	20	20	20	20	22	3.254998
explicit-group-compare/groups.json	groupCompareFalse	compare_member_false_missing	10	before	1	20	20	20	20	22	4.042713999999999
explicit-group-compare/groups.json	groupCompareFalse	compare_member_false_missing	10	current	1	20	20	20	20	22	3.320793
explicit-group-compare/groups.json	groupCompareFalse	compare_member_false_missing	10	openldap	1	20	20	20	20	22	3.87296
explicit-group-compare/groups.json	groupCompareFalse	compare_member_false_missing	10	before	2	20	20	20	20	22	3.1593330000000006
explicit-group-compare/groups.json	groupCompareFalse	compare_member_false_missing	10	current	2	20	20	20	20	22	3.7641219999999995
explicit-group-compare/groups.json	groupCompareFalse	compare_member_false_missing	10	openldap	2	20	20	20	20	22	1.7682520000000004
explicit-group-compare/groups.json	groupCompareFalse	compare_member_false_missing	10	before	3	20	20	20	20	22	3.6705829999999997
explicit-group-compare/groups.json	groupCompareFalse	compare_member_false_missing	10	current	3	20	20	20	20	22	3.731709
explicit-group-compare/groups.json	groupCompareFalse	compare_member_false_missing	10	openldap	3	20	20	20	20	22	2.8682480000000004
explicit-group-compare/groups.json	groupCompareFalse	compare_member_false_missing	10	before	4	20	20	20	20	22	2.9257080000000006
explicit-group-compare/groups.json	groupCompareFalse	compare_member_false_missing	10	current	4	20	20	20	20	22	3.1446259999999997
explicit-group-compare/groups.json	groupCompareFalse	compare_member_false_missing	10	openldap	4	20	20	20	20	22	2.278669
explicit-group-compare/groups.json	groupCompareFalse	compare_member_false_missing	10	before	5	20	20	20	20	22	1.9883349999999997
explicit-group-compare/groups.json	groupCompareFalse	compare_member_false_missing	10	current	5	20	20	20	20	22	2.10604
explicit-group-compare/groups.json	groupCompareFalse	compare_member_false_missing	10	openldap	5	20	20	20	20	22	1.8224179999999999
explicit-group-compare/groups.json	groupCompareFalse	compare_member_false_missing	1000	before	1	20	20	20	20	22	4.609253000000001
explicit-group-compare/groups.json	groupCompareFalse	compare_member_false_missing	1000	current	1	20	20	20	20	22	4.2174190000000005
explicit-group-compare/groups.json	groupCompareFalse	compare_member_false_missing	1000	openldap	1	20	20	20	20	22	3.5525419999999994
explicit-group-compare/groups.json	groupCompareFalse	compare_member_false_missing	1000	before	2	20	20	20	20	22	5.489416
explicit-group-compare/groups.json	groupCompareFalse	compare_member_false_missing	1000	current	2	20	20	20	20	22	4.699669
explicit-group-compare/groups.json	groupCompareFalse	compare_member_false_missing	1000	openldap	2	20	20	20	20	22	3.7142919999999995
explicit-group-compare/groups.json	groupCompareFalse	compare_member_false_missing	1000	before	3	20	20	20	20	22	4.700291
explicit-group-compare/groups.json	groupCompareFalse	compare_member_false_missing	1000	current	3	20	20	20	20	22	5.7193330000000016
explicit-group-compare/groups.json	groupCompareFalse	compare_member_false_missing	1000	openldap	3	20	20	20	20	22	3.5877919999999994
explicit-group-compare/groups.json	groupCompareFalse	compare_member_false_missing	1000	before	4	20	20	20	20	22	4.338957000000001
explicit-group-compare/groups.json	groupCompareFalse	compare_member_false_missing	1000	current	4	20	20	20	20	22	3.7882909999999996
explicit-group-compare/groups.json	groupCompareFalse	compare_member_false_missing	1000	openldap	4	20	20	20	20	22	2.7977909999999997
explicit-group-compare/groups.json	groupCompareFalse	compare_member_false_missing	1000	before	5	20	20	20	20	22	8.496708
explicit-group-compare/groups.json	groupCompareFalse	compare_member_false_missing	1000	current	5	20	20	20	20	22	4.8208779999999996
explicit-group-compare/groups.json	groupCompareFalse	compare_member_false_missing	1000	openldap	5	20	20	20	20	22	3.3259179999999997
explicit-group-compare/smoke.json	groupCompareTrueFirst	compare_member_true_first	10	before	1	2	2	2	2	4	0.435208
explicit-group-compare/smoke.json	groupCompareTrueFirst	compare_member_true_first	10	current	1	2	2	2	2	4	0.513251
explicit-group-compare/smoke.json	groupCompareTrueFirst	compare_member_true_first	10	openldap	1	2	2	2	2	4	0.36724999999999997
explicit-group-compare/smoke.json	groupCompareTrueFirst	compare_member_true_first	1000	before	1	2	2	2	2	4	0.275042
explicit-group-compare/smoke.json	groupCompareTrueFirst	compare_member_true_first	1000	current	1	2	2	2	2	4	0.281208
explicit-group-compare/smoke.json	groupCompareTrueFirst	compare_member_true_first	1000	openldap	1	2	2	2	2	4	0.20275
explicit-group-compare/smoke.json	groupCompareTrueLast	compare_member_true_last	10	before	1	2	2	2	2	4	0.39683199999999996
explicit-group-compare/smoke.json	groupCompareTrueLast	compare_member_true_last	10	current	1	2	2	2	2	4	0.331625
explicit-group-compare/smoke.json	groupCompareTrueLast	compare_member_true_last	10	openldap	1	2	2	2	2	4	0.265959
explicit-group-compare/smoke.json	groupCompareTrueLast	compare_member_true_last	1000	before	1	2	2	2	2	4	0.450375
explicit-group-compare/smoke.json	groupCompareTrueLast	compare_member_true_last	1000	current	1	2	2	2	2	4	0.364124
explicit-group-compare/smoke.json	groupCompareTrueLast	compare_member_true_last	1000	openldap	1	2	2	2	2	4	0.24016700000000002
explicit-group-compare/smoke.json	groupCompareFalse	compare_member_false_missing	10	before	1	2	2	2	2	4	0.506668
explicit-group-compare/smoke.json	groupCompareFalse	compare_member_false_missing	10	current	1	2	2	2	2	4	0.460542
explicit-group-compare/smoke.json	groupCompareFalse	compare_member_false_missing	10	openldap	1	2	2	2	2	4	0.401833
explicit-group-compare/smoke.json	groupCompareFalse	compare_member_false_missing	1000	before	1	2	2	2	2	4	0.612083
explicit-group-compare/smoke.json	groupCompareFalse	compare_member_false_missing	1000	current	1	2	2	2	2	4	0.476874
explicit-group-compare/smoke.json	groupCompareFalse	compare_member_false_missing	1000	openldap	1	2	2	2	2	4	0.316126
default-group-compare/groups.json	groupCompareTrueFirst	compare_member_true_first	10	before	1	20	20	20	20	22	2.26571
default-group-compare/groups.json	groupCompareTrueFirst	compare_member_true_first	10	current	1	20	20	20	20	22	2.5578749999999997
default-group-compare/groups.json	groupCompareTrueFirst	compare_member_true_first	10	openldap	1	20	20	20	20	22	1.61279
default-group-compare/groups.json	groupCompareTrueFirst	compare_member_true_first	10	before	2	20	20	20	20	22	2.3528740000000004
default-group-compare/groups.json	groupCompareTrueFirst	compare_member_true_first	10	current	2	20	20	20	20	22	2.316499
default-group-compare/groups.json	groupCompareTrueFirst	compare_member_true_first	10	openldap	2	20	20	20	20	22	1.8635819999999998
default-group-compare/groups.json	groupCompareTrueFirst	compare_member_true_first	10	before	3	20	20	20	20	22	2.045375
default-group-compare/groups.json	groupCompareTrueFirst	compare_member_true_first	10	current	3	20	20	20	20	22	1.994418
default-group-compare/groups.json	groupCompareTrueFirst	compare_member_true_first	10	openldap	3	20	20	20	20	22	1.5894149999999996
default-group-compare/groups.json	groupCompareTrueFirst	compare_member_true_first	10	before	4	20	20	20	20	22	1.9582530000000002
default-group-compare/groups.json	groupCompareTrueFirst	compare_member_true_first	10	current	4	20	20	20	20	22	1.9732070000000002
default-group-compare/groups.json	groupCompareTrueFirst	compare_member_true_first	10	openldap	4	20	20	20	20	22	1.5061270000000004
default-group-compare/groups.json	groupCompareTrueFirst	compare_member_true_first	10	before	5	20	20	20	20	22	2.4522089999999994
default-group-compare/groups.json	groupCompareTrueFirst	compare_member_true_first	10	current	5	20	20	20	20	22	3.3779149999999993
default-group-compare/groups.json	groupCompareTrueFirst	compare_member_true_first	10	openldap	5	20	20	20	20	22	2.019375
default-group-compare/groups.json	groupCompareTrueFirst	compare_member_true_first	1000	before	1	20	20	20	20	22	2.5295810000000003
default-group-compare/groups.json	groupCompareTrueFirst	compare_member_true_first	1000	current	1	20	20	20	20	22	3.040834
default-group-compare/groups.json	groupCompareTrueFirst	compare_member_true_first	1000	openldap	1	20	20	20	20	22	2.1268320000000007
default-group-compare/groups.json	groupCompareTrueFirst	compare_member_true_first	1000	before	2	20	20	20	20	22	1.7608310000000003
default-group-compare/groups.json	groupCompareTrueFirst	compare_member_true_first	1000	current	2	20	20	20	20	22	1.7563729999999997
default-group-compare/groups.json	groupCompareTrueFirst	compare_member_true_first	1000	openldap	2	20	20	20	20	22	1.410248
default-group-compare/groups.json	groupCompareTrueFirst	compare_member_true_first	1000	before	3	20	20	20	20	22	1.9424569999999999
default-group-compare/groups.json	groupCompareTrueFirst	compare_member_true_first	1000	current	3	20	20	20	20	22	1.9518749999999996
default-group-compare/groups.json	groupCompareTrueFirst	compare_member_true_first	1000	openldap	3	20	20	20	20	22	1.4765009999999998
default-group-compare/groups.json	groupCompareTrueFirst	compare_member_true_first	1000	before	4	20	20	20	20	22	1.9965009999999999
default-group-compare/groups.json	groupCompareTrueFirst	compare_member_true_first	1000	current	4	20	20	20	20	22	1.9519980000000003
default-group-compare/groups.json	groupCompareTrueFirst	compare_member_true_first	1000	openldap	4	20	20	20	20	22	1.5169160000000002
default-group-compare/groups.json	groupCompareTrueFirst	compare_member_true_first	1000	before	5	20	20	20	20	22	1.740211
default-group-compare/groups.json	groupCompareTrueFirst	compare_member_true_first	1000	current	5	20	20	20	20	22	1.751455
default-group-compare/groups.json	groupCompareTrueFirst	compare_member_true_first	1000	openldap	5	20	20	20	20	22	1.4331269999999998
default-group-compare/groups.json	groupCompareTrueLast	compare_member_true_last	10	before	1	20	20	20	20	22	1.837876
default-group-compare/groups.json	groupCompareTrueLast	compare_member_true_last	10	current	1	20	20	20	20	22	2.146124
default-group-compare/groups.json	groupCompareTrueLast	compare_member_true_last	10	openldap	1	20	20	20	20	22	1.6702080000000001
default-group-compare/groups.json	groupCompareTrueLast	compare_member_true_last	10	before	2	20	20	20	20	22	1.6603780000000004
default-group-compare/groups.json	groupCompareTrueLast	compare_member_true_last	10	current	2	20	20	20	20	22	1.7652510000000001
default-group-compare/groups.json	groupCompareTrueLast	compare_member_true_last	10	openldap	2	20	20	20	20	22	1.4499969999999998
default-group-compare/groups.json	groupCompareTrueLast	compare_member_true_last	10	before	3	20	20	20	20	22	1.9454569999999998
default-group-compare/groups.json	groupCompareTrueLast	compare_member_true_last	10	current	3	20	20	20	20	22	1.9017899999999999
default-group-compare/groups.json	groupCompareTrueLast	compare_member_true_last	10	openldap	3	20	20	20	20	22	1.7456650000000002
default-group-compare/groups.json	groupCompareTrueLast	compare_member_true_last	10	before	4	20	20	20	20	22	2.1636659999999996
default-group-compare/groups.json	groupCompareTrueLast	compare_member_true_last	10	current	4	20	20	20	20	22	2.7697890000000007
default-group-compare/groups.json	groupCompareTrueLast	compare_member_true_last	10	openldap	4	20	20	20	20	22	1.768793
default-group-compare/groups.json	groupCompareTrueLast	compare_member_true_last	10	before	5	20	20	20	20	22	1.941208
default-group-compare/groups.json	groupCompareTrueLast	compare_member_true_last	10	current	5	20	20	20	20	22	1.912337
default-group-compare/groups.json	groupCompareTrueLast	compare_member_true_last	10	openldap	5	20	20	20	20	22	1.420878
default-group-compare/groups.json	groupCompareTrueLast	compare_member_true_last	1000	before	1	20	20	20	20	22	9.579123
default-group-compare/groups.json	groupCompareTrueLast	compare_member_true_last	1000	current	1	20	20	20	20	22	3.404959
default-group-compare/groups.json	groupCompareTrueLast	compare_member_true_last	1000	openldap	1	20	20	20	20	22	2.233542
default-group-compare/groups.json	groupCompareTrueLast	compare_member_true_last	1000	before	2	20	20	20	20	22	5.680333999999999
default-group-compare/groups.json	groupCompareTrueLast	compare_member_true_last	1000	current	2	20	20	20	20	22	5.219916
default-group-compare/groups.json	groupCompareTrueLast	compare_member_true_last	1000	openldap	2	20	20	20	20	22	4.306042
default-group-compare/groups.json	groupCompareTrueLast	compare_member_true_last	1000	before	3	20	20	20	20	22	5.8902930000000016
default-group-compare/groups.json	groupCompareTrueLast	compare_member_true_last	1000	current	3	20	20	20	20	22	7.828084999999999
default-group-compare/groups.json	groupCompareTrueLast	compare_member_true_last	1000	openldap	3	20	20	20	20	22	3.115668
default-group-compare/groups.json	groupCompareTrueLast	compare_member_true_last	1000	before	4	20	20	20	20	22	4.24767
default-group-compare/groups.json	groupCompareTrueLast	compare_member_true_last	1000	current	4	20	20	20	20	22	5.514621000000001
default-group-compare/groups.json	groupCompareTrueLast	compare_member_true_last	1000	openldap	4	20	20	20	20	22	2.94325
default-group-compare/groups.json	groupCompareTrueLast	compare_member_true_last	1000	before	5	20	20	20	20	22	5.2756229999999995
default-group-compare/groups.json	groupCompareTrueLast	compare_member_true_last	1000	current	5	20	20	20	20	22	4.608625
default-group-compare/groups.json	groupCompareTrueLast	compare_member_true_last	1000	openldap	5	20	20	20	20	22	2.632914
default-group-compare/groups.json	groupCompareFalse	compare_member_false_missing	10	before	1	20	20	20	20	22	3.459166
default-group-compare/groups.json	groupCompareFalse	compare_member_false_missing	10	current	1	20	20	20	20	22	2.978086
default-group-compare/groups.json	groupCompareFalse	compare_member_false_missing	10	openldap	1	20	20	20	20	22	2.6780410000000003
default-group-compare/groups.json	groupCompareFalse	compare_member_false_missing	10	before	2	20	20	20	20	22	1.9059610000000005
default-group-compare/groups.json	groupCompareFalse	compare_member_false_missing	10	current	2	20	20	20	20	22	2.0195800000000004
default-group-compare/groups.json	groupCompareFalse	compare_member_false_missing	10	openldap	2	20	20	20	20	22	1.6352499999999999
default-group-compare/groups.json	groupCompareFalse	compare_member_false_missing	10	before	3	20	20	20	20	22	2.08921
default-group-compare/groups.json	groupCompareFalse	compare_member_false_missing	10	current	3	20	20	20	20	22	1.9768320000000001
default-group-compare/groups.json	groupCompareFalse	compare_member_false_missing	10	openldap	3	20	20	20	20	22	1.6002509999999994
default-group-compare/groups.json	groupCompareFalse	compare_member_false_missing	10	before	4	20	20	20	20	22	2.121329
default-group-compare/groups.json	groupCompareFalse	compare_member_false_missing	10	current	4	20	20	20	20	22	1.898209
default-group-compare/groups.json	groupCompareFalse	compare_member_false_missing	10	openldap	4	20	20	20	20	22	1.704542
default-group-compare/groups.json	groupCompareFalse	compare_member_false_missing	10	before	5	20	20	20	20	22	1.9953319999999997
default-group-compare/groups.json	groupCompareFalse	compare_member_false_missing	10	current	5	20	20	20	20	22	1.963295
default-group-compare/groups.json	groupCompareFalse	compare_member_false_missing	10	openldap	5	20	20	20	20	22	1.4742909999999996
default-group-compare/groups.json	groupCompareFalse	compare_member_false_missing	1000	before	1	20	20	20	20	22	5.990624000000001
default-group-compare/groups.json	groupCompareFalse	compare_member_false_missing	1000	current	1	20	20	20	20	22	4.063626
default-group-compare/groups.json	groupCompareFalse	compare_member_false_missing	1000	openldap	1	20	20	20	20	22	3.0689590000000004
default-group-compare/groups.json	groupCompareFalse	compare_member_false_missing	1000	before	2	20	20	20	20	22	4.503830999999999
default-group-compare/groups.json	groupCompareFalse	compare_member_false_missing	1000	current	2	20	20	20	20	22	3.9949159999999995
default-group-compare/groups.json	groupCompareFalse	compare_member_false_missing	1000	openldap	2	20	20	20	20	22	3.1249569999999998
default-group-compare/groups.json	groupCompareFalse	compare_member_false_missing	1000	before	3	20	20	20	20	22	5.237457
default-group-compare/groups.json	groupCompareFalse	compare_member_false_missing	1000	current	3	20	20	20	20	22	4.950667999999999
default-group-compare/groups.json	groupCompareFalse	compare_member_false_missing	1000	openldap	3	20	20	20	20	22	4.1038760000000005
default-group-compare/groups.json	groupCompareFalse	compare_member_false_missing	1000	before	4	20	20	20	20	22	5.631455999999999
default-group-compare/groups.json	groupCompareFalse	compare_member_false_missing	1000	current	4	20	20	20	20	22	4.498454999999998
default-group-compare/groups.json	groupCompareFalse	compare_member_false_missing	1000	openldap	4	20	20	20	20	22	3.3866270000000003
default-group-compare/groups.json	groupCompareFalse	compare_member_false_missing	1000	before	5	20	20	20	20	22	5.192919000000001
default-group-compare/groups.json	groupCompareFalse	compare_member_false_missing	1000	current	5	20	20	20	20	22	4.087751
default-group-compare/groups.json	groupCompareFalse	compare_member_false_missing	1000	openldap	5	20	20	20	20	22	2.8795810000000004
default-group-compare/smoke.json	groupCompareTrueFirst	compare_member_true_first	10	before	1	2	2	2	2	4	0.48050100000000007
default-group-compare/smoke.json	groupCompareTrueFirst	compare_member_true_first	10	current	1	2	2	2	2	4	0.483417
default-group-compare/smoke.json	groupCompareTrueFirst	compare_member_true_first	10	openldap	1	2	2	2	2	4	0.233499
default-group-compare/smoke.json	groupCompareTrueFirst	compare_member_true_first	1000	before	1	2	2	2	2	4	0.413624
default-group-compare/smoke.json	groupCompareTrueFirst	compare_member_true_first	1000	current	1	2	2	2	2	4	0.4065
default-group-compare/smoke.json	groupCompareTrueFirst	compare_member_true_first	1000	openldap	1	2	2	2	2	4	0.251875
default-group-compare/smoke.json	groupCompareTrueLast	compare_member_true_last	10	before	1	2	2	2	2	4	0.34224899999999997
default-group-compare/smoke.json	groupCompareTrueLast	compare_member_true_last	10	current	1	2	2	2	2	4	0.391709
default-group-compare/smoke.json	groupCompareTrueLast	compare_member_true_last	10	openldap	1	2	2	2	2	4	0.21033300000000002
default-group-compare/smoke.json	groupCompareTrueLast	compare_member_true_last	1000	before	1	2	2	2	2	4	0.431415
default-group-compare/smoke.json	groupCompareTrueLast	compare_member_true_last	1000	current	1	2	2	2	2	4	0.461665
default-group-compare/smoke.json	groupCompareTrueLast	compare_member_true_last	1000	openldap	1	2	2	2	2	4	0.350084
default-group-compare/smoke.json	groupCompareFalse	compare_member_false_missing	10	before	1	2	2	2	2	4	0.36729100000000003
default-group-compare/smoke.json	groupCompareFalse	compare_member_false_missing	10	current	1	2	2	2	2	4	0.458833
default-group-compare/smoke.json	groupCompareFalse	compare_member_false_missing	10	openldap	1	2	2	2	2	4	0.359875
default-group-compare/smoke.json	groupCompareFalse	compare_member_false_missing	1000	before	1	2	2	2	2	4	0.450958
default-group-compare/smoke.json	groupCompareFalse	compare_member_false_missing	1000	current	1	2	2	2	2	4	0.417709
default-group-compare/smoke.json	groupCompareFalse	compare_member_false_missing	1000	openldap	1	2	2	2	2	4	0.30733299999999997
