run	endpoint	entries	cksum	bytes	sha256
explicit-final	before	100002	2143929969	42712438	5dbd9fc0096a98c9a4818972cbc612fb1af150c581c930c604123854549852a0
explicit-final	current	100002	2143929969	42712438	5dbd9fc0096a98c9a4818972cbc612fb1af150c581c930c604123854549852a0
explicit-final	openldap	100002	2143929969	42712438	5dbd9fc0096a98c9a4818972cbc612fb1af150c581c930c604123854549852a0
default-final	before	100002	2143929969	42712438	5dbd9fc0096a98c9a4818972cbc612fb1af150c581c930c604123854549852a0
default-final	current	100002	2143929969	42712438	5dbd9fc0096a98c9a4818972cbc612fb1af150c581c930c604123854549852a0
default-final	openldap	100002	2143929969	42712438	5dbd9fc0096a98c9a4818972cbc612fb1af150c581c930c604123854549852a0
root-paired	before	100002	2143929969	42712438	5dbd9fc0096a98c9a4818972cbc612fb1af150c581c930c604123854549852a0
root-paired	current	100002	2143929969	42712438	5dbd9fc0096a98c9a4818972cbc612fb1af150c581c930c604123854549852a0
root-paired	openldap	100002	2143929969	42712438	5dbd9fc0096a98c9a4818972cbc612fb1af150c581c930c604123854549852a0
explicit-group-compare	before	100002	2143929969	42712438	5dbd9fc0096a98c9a4818972cbc612fb1af150c581c930c604123854549852a0
explicit-group-compare	current	100002	2143929969	42712438	5dbd9fc0096a98c9a4818972cbc612fb1af150c581c930c604123854549852a0
explicit-group-compare	openldap	100002	2143929969	42712438	5dbd9fc0096a98c9a4818972cbc612fb1af150c581c930c604123854549852a0
default-group-compare	before	100002	2143929969	42712438	5dbd9fc0096a98c9a4818972cbc612fb1af150c581c930c604123854549852a0
default-group-compare	current	100002	2143929969	42712438	5dbd9fc0096a98c9a4818972cbc612fb1af150c581c930c604123854549852a0
default-group-compare	openldap	100002	2143929969	42712438	5dbd9fc0096a98c9a4818972cbc612fb1af150c581c930c604123854549852a0
