item	value
state	EVIDENCE_COMPLETE
per_operation_native_parity	NOT_ACHIEVED
main_assessment	PROPOSED_RETENTION_AS_SMALL_ALLOCATION_OPTIMIZATION; CPU/network benefits small and mixed; per-operation native parity not achieved
core_scripts	5
core_json	31
core_samples	840
core_medians	144
core_comparisons	48
core_exports	15
negative_core_comparisons	28
below_openldap_core_comparisons	46
diagnostic_scripts	2
diagnostic_json	10
diagnostic_samples	168
diagnostic_medians	24
diagnostic_comparisons	8
diagnostic_exports	6
negative_diagnostic_comparisons	5
same_candidate_samples	24
same_candidate_medians	8
same_candidate_comparisons	12
same_candidate_negatives	2
portable_before_current_samples	24
portable_before_current_medians	8
portable_before_current_comparisons	12
portable_before_current_negatives	2
component_diagnostic_interleaved_samples	40
component_diagnostic_interleaved_medians	8
component_diagnostic_interleaved_comparisons	12
component_diagnostic_interleaved_negatives	0
isolated_prototype_samples	24
isolated_prototype_medians	8
isolated_prototype_comparisons	12
isolated_prototype_negatives	0
source_files	1299
new_fuzz_runs	0
failed_checks	0
