suite	access_mode	identity	variant	stage	method	members	endpoint	repeats	operations	median_ms	operations_per_second_at_median
common	explicit	nonroot	hot	userBind	simple_bind_ssha	0	before	3	1000	89.89970899999992	11123.506528814247
common	explicit	nonroot	hot	userBind	simple_bind_ssha	0	current	3	1000	89.13836700000004	11218.513796646055
common	explicit	nonroot	hot	userBind	simple_bind_ssha	0	openldap	3	1000	70.68251100000008	14147.771292392243
common	explicit	nonroot	hot	userBind	simple_bind_plaintext	0	before	3	1000	87.45992799999993	11433.807720491157
common	explicit	nonroot	hot	userBind	simple_bind_plaintext	0	current	3	1000	89.09896000000005	11223.475560208553
common	explicit	nonroot	hot	userBind	simple_bind_plaintext	0	openldap	3	1000	71.44891999999997	13996.01281586902
common	explicit	nonroot	hot	userBindWrong	simple_bind_ssha	0	before	3	1000	95.75816100000006	10442.97415026589
common	explicit	nonroot	hot	userBindWrong	simple_bind_ssha	0	current	3	1000	93.66388399999981	10676.473762288162
common	explicit	nonroot	hot	userBindWrong	simple_bind_ssha	0	openldap	3	1000	75.18183200000009	13301.085826160752
common	explicit	nonroot	hot	userBindWrong	simple_bind_plaintext	0	before	3	1000	91.63624200000001	10912.712898025651
common	explicit	nonroot	hot	userBindWrong	simple_bind_plaintext	0	current	3	1000	91.79875799999992	10893.393568570948
common	explicit	nonroot	hot	userBindWrong	simple_bind_plaintext	0	openldap	3	1000	73.84182	13542.461439872419
common	explicit	nonroot	hot	nonrootBase	search_nonrootBase	0	before	3	1000	100.33814299999995	9966.299655356393
common	explicit	nonroot	hot	nonrootBase	search_nonrootBase	0	current	3	1000	100.24466900000012	9975.592816811026
common	explicit	nonroot	hot	nonrootBase	search_nonrootBase	0	openldap	3	1000	78.00192100000004	12820.197082069293
common	explicit	nonroot	hot	nonrootEquality	search_nonrootEquality	0	before	3	1000	104.90021399999998	9532.86901778866
common	explicit	nonroot	hot	nonrootEquality	search_nonrootEquality	0	current	3	1000	105.26974799999992	9499.405280233033
common	explicit	nonroot	hot	nonrootEquality	search_nonrootEquality	0	openldap	3	1000	82.06054000000009	12186.12502428084
common	explicit	nonroot	distributed	nonrootBase	search_nonrootBase	0	before	3	1000	125.76955599999998	7951.049775511652
common	explicit	nonroot	distributed	nonrootBase	search_nonrootBase	0	current	3	1000	125.12997200000017	7991.690432089274
common	explicit	nonroot	distributed	nonrootBase	search_nonrootBase	0	openldap	3	1000	87.54809500000007	11422.293083590215
common	explicit	nonroot	distributed	nonrootEquality	search_nonrootEquality	0	before	3	1000	116.14904499999996	8609.6273972808
common	explicit	nonroot	distributed	nonrootEquality	search_nonrootEquality	0	current	3	1000	118.43186699999993	8443.673356935264
common	explicit	nonroot	distributed	nonrootEquality	search_nonrootEquality	0	openldap	3	1000	85.46246099999988	11701.043806824162
common	explicit	nonroot	groups	memberEquality	search_memberEquality	0	before	3	100	15.014083999999997	6660.4129829032545
common	explicit	nonroot	groups	memberEquality	search_memberEquality	0	current	3	100	15.398792999999996	6494.015472511386
common	explicit	nonroot	groups	memberEquality	search_memberEquality	0	openldap	3	100	10.947129000000002	9134.815164779731
common	explicit	nonroot	groups	groupBase	base_member_values	10	before	3	100	13.555585999999993	7377.032612238236
common	explicit	nonroot	groups	groupBase	base_member_values	10	current	3	100	13.699833000000002	7299.359050581126
common	explicit	nonroot	groups	groupBase	base_member_values	10	openldap	3	100	10.684041999999998	9359.75354645742
common	explicit	nonroot	groups	groupBase	base_member_values	1000	before	3	100	88.88016399999998	1125.1104352147688
common	explicit	nonroot	groups	groupBase	base_member_values	1000	current	3	100	92.550961	1080.485809326172
common	explicit	nonroot	groups	groupBase	base_member_values	1000	openldap	3	100	85.35354599999991	1171.5974869983738
common	explicit	nonroot	groups	nestedMembership	client_bfs_member_equality	0	before	3	100	47.70496199999999	2096.2179992932397
common	explicit	nonroot	groups	nestedMembership	client_bfs_member_equality	0	current	3	100	48.066626000000035	2080.4455881717167
common	explicit	nonroot	groups	nestedMembership	client_bfs_member_equality	0	openldap	3	100	39.17188100000001	2552.851623336647
common	default	nonroot	hot	userBind	simple_bind_ssha	0	before	3	1000	96.54104900000002	10358.288110169591
common	default	nonroot	hot	userBind	simple_bind_ssha	0	current	3	1000	101.946363	9809.079702039002
common	default	nonroot	hot	userBind	simple_bind_ssha	0	openldap	3	1000	87.44905100000001	11435.229868875305
common	default	nonroot	hot	userBind	simple_bind_plaintext	0	before	3	1000	101.59343400000019	9843.155808671632
common	default	nonroot	hot	userBind	simple_bind_plaintext	0	current	3	1000	102.47004800000003	9758.949268765831
common	default	nonroot	hot	userBind	simple_bind_plaintext	0	openldap	3	1000	80.963583	12351.232034777908
common	default	nonroot	hot	userBindWrong	simple_bind_ssha	0	before	3	1000	94.64762799999986	10565.505138702489
common	default	nonroot	hot	userBindWrong	simple_bind_ssha	0	current	3	1000	98.51564800000001	10150.67169836816
common	default	nonroot	hot	userBindWrong	simple_bind_ssha	0	openldap	3	1000	77.59616699999992	12887.234494456421
common	default	nonroot	hot	userBindWrong	simple_bind_plaintext	0	before	3	1000	98.883349	10112.926090316783
common	default	nonroot	hot	userBindWrong	simple_bind_plaintext	0	current	3	1000	98.97687699999997	10103.369901234611
common	default	nonroot	hot	userBindWrong	simple_bind_plaintext	0	openldap	3	1000	80.39101100000006	12439.201691343318
common	default	nonroot	hot	nonrootBase	search_nonrootBase	0	before	3	1000	109.62637099999999	9121.892760638772
common	default	nonroot	hot	nonrootBase	search_nonrootBase	0	current	3	1000	108.58978199999997	9208.969587948894
common	default	nonroot	hot	nonrootBase	search_nonrootBase	0	openldap	3	1000	86.53383999999988	11556.172706538868
common	default	nonroot	hot	nonrootEquality	search_nonrootEquality	0	before	3	1000	125.69502099999995	7955.764612187784
common	default	nonroot	hot	nonrootEquality	search_nonrootEquality	0	current	3	1000	126.23377899999994	7921.80989844248
common	default	nonroot	hot	nonrootEquality	search_nonrootEquality	0	openldap	3	1000	101.04038899999996	9897.032363958935
common	default	nonroot	distributed	nonrootBase	search_nonrootBase	0	before	3	1000	114.98266200000002	8696.96337348669
common	default	nonroot	distributed	nonrootBase	search_nonrootBase	0	current	3	1000	114.62630100000005	8724.001309263216
common	default	nonroot	distributed	nonrootBase	search_nonrootBase	0	openldap	3	1000	83.43042600000004	11986.034926874274
common	default	nonroot	distributed	nonrootEquality	search_nonrootEquality	0	before	3	1000	130.13488499999994	7684.334604053329
common	default	nonroot	distributed	nonrootEquality	search_nonrootEquality	0	current	3	1000	132.03995600000002	7573.465110818424
common	default	nonroot	distributed	nonrootEquality	search_nonrootEquality	0	openldap	3	1000	101.72192900000003	9830.721947870254
common	default	nonroot	groups	memberEquality	search_memberEquality	0	before	3	100	15.337741999999993	6519.8645276469015
common	default	nonroot	groups	memberEquality	search_memberEquality	0	current	3	100	15.400795999999996	6493.170872466593
common	default	nonroot	groups	memberEquality	search_memberEquality	0	openldap	3	100	11.516250999999999	8683.381423346887
common	default	nonroot	groups	groupBase	base_member_values	10	before	3	100	13.402418000000003	7461.340185032282
common	default	nonroot	groups	groupBase	base_member_values	10	current	3	100	13.369622000000001	7479.643029548628
common	default	nonroot	groups	groupBase	base_member_values	10	openldap	3	100	10.654247999999999	9385.927566168913
common	default	nonroot	groups	groupBase	base_member_values	1000	before	3	100	100.19545600000002	998.0492528523447
common	default	nonroot	groups	groupBase	base_member_values	1000	current	3	100	97.236874	1028.4164420999384
common	default	nonroot	groups	groupBase	base_member_values	1000	openldap	3	100	91.08204599999999	1097.9112173215785
common	default	nonroot	groups	nestedMembership	client_bfs_member_equality	0	before	3	100	49.83051299999996	2006.8025388380022
common	default	nonroot	groups	nestedMembership	client_bfs_member_equality	0	current	3	100	49.807216000000004	2007.741207619394
common	default	nonroot	groups	nestedMembership	client_bfs_member_equality	0	openldap	3	100	40.505230999999995	2468.8169288554363
root	default	root	literal	rootBind	simple_bind_root	0	before	7	1000	76.58495100000002	13057.395571095942
root	default	root	literal	rootBind	simple_bind_root	0	current	7	1000	77.90598699999987	12835.983966161699
root	default	root	literal	rootBind	simple_bind_root	0	openldap	7	1000	78.21687300000009	12784.965208210238
root	default	root	literal	rootBase	base_objectclass_root	0	before	7	1000	104.45249300000009	9573.730327336458
root	default	root	literal	rootBase	base_objectclass_root	0	current	7	1000	104.69250000000007	9551.782601427985
root	default	root	literal	rootBase	base_objectclass_root	0	openldap	7	1000	87.45955100000009	11433.857006652126
root	default	root	literal	rootEquality	subtree_uid_equality_root	0	before	7	1000	115.04966600000003	8691.89833197777
root	default	root	literal	rootEquality	subtree_uid_equality_root	0	current	7	1000	117.23569300000014	8529.825468767423
root	default	root	literal	rootEquality	subtree_uid_equality_root	0	openldap	7	1000	96.83461900000006	10326.885264039707
root	default	root	literal	rootCompareTrue	compare_uid_true_root	0	before	7	1000	111.82957399999994	8942.178390127825
root	default	root	literal	rootCompareTrue	compare_uid_true_root	0	current	7	1000	111.95033900000014	8932.532129268486
root	default	root	literal	rootCompareTrue	compare_uid_true_root	0	openldap	7	1000	81.99421099999996	12195.982957870043
root	default	root	literal	rootCompareFalse	compare_uid_false_root	0	before	7	1000	109.16899700000006	9160.1098066331
root	default	root	literal	rootCompareFalse	compare_uid_false_root	0	current	7	1000	109.14758499999995	9161.906788867573
root	default	root	literal	rootCompareFalse	compare_uid_false_root	0	openldap	7	1000	80.16663899999996	12474.016778974612
root	default	root	normalized	rootBind	simple_bind_root	0	before	7	1000	72.42360300000006	13807.653286733044
root	default	root	normalized	rootBind	simple_bind_root	0	current	7	1000	74.04517500000007	13505.268911850084
root	default	root	normalized	rootBind	simple_bind_root	0	openldap	7	1000	73.72085700000012	13564.682244537638
root	default	root	normalized	rootBase	base_objectclass_root	0	before	7	1000	106.41486800000011	9397.18310790931
root	default	root	normalized	rootBase	base_objectclass_root	0	current	7	1000	107.82359700000025	9274.407716151389
root	default	root	normalized	rootBase	base_objectclass_root	0	openldap	7	1000	85.5523459999999	11688.750183425725
root	default	root	normalized	rootEquality	subtree_uid_equality_root	0	before	7	1000	126.70024699999986	7892.644439753942
root	default	root	normalized	rootEquality	subtree_uid_equality_root	0	current	7	1000	124.588218	8026.441151923371
root	default	root	normalized	rootEquality	subtree_uid_equality_root	0	openldap	7	1000	101.82888799999995	9820.39595679372
root	default	root	normalized	rootCompareTrue	compare_uid_true_root	0	before	7	1000	101.16048499999978	9885.282776174929
root	default	root	normalized	rootCompareTrue	compare_uid_true_root	0	current	7	1000	102.54977199999992	9751.362489621146
root	default	root	normalized	rootCompareTrue	compare_uid_true_root	0	openldap	7	1000	75.41703900000007	13259.603045407272
root	default	root	normalized	rootCompareFalse	compare_uid_false_root	0	before	7	1000	116.5188849999999	8582.299770547932
root	default	root	normalized	rootCompareFalse	compare_uid_false_root	0	current	7	1000	118.79594100000016	8417.796025539279
root	default	root	normalized	rootCompareFalse	compare_uid_false_root	0	openldap	7	1000	82.74897899999996	12084.74125100686
group-compare	explicit	nonroot	groups	groupCompareTrueFirst	compare_member_true_first	10	before	5	20	2.560039	7812.3809832584575
group-compare	explicit	nonroot	groups	groupCompareTrueFirst	compare_member_true_first	10	current	5	20	2.144458	9326.365916236176
group-compare	explicit	nonroot	groups	groupCompareTrueFirst	compare_member_true_first	10	openldap	5	20	1.6665440000000002	12000.883265008302
group-compare	explicit	nonroot	groups	groupCompareTrueFirst	compare_member_true_first	1000	before	5	20	2.604584000000001	7678.769431126043
group-compare	explicit	nonroot	groups	groupCompareTrueFirst	compare_member_true_first	1000	current	5	20	2.126919	9403.272997232147
group-compare	explicit	nonroot	groups	groupCompareTrueFirst	compare_member_true_first	1000	openldap	5	20	1.704333	11734.795958301575
group-compare	explicit	nonroot	groups	groupCompareTrueLast	compare_member_true_last	10	before	5	20	2.675834	7474.305207273695
group-compare	explicit	nonroot	groups	groupCompareTrueLast	compare_member_true_last	10	current	5	20	2.215373	9027.825111166381
group-compare	explicit	nonroot	groups	groupCompareTrueLast	compare_member_true_last	10	openldap	5	20	1.745333	11459.131294715678
group-compare	explicit	nonroot	groups	groupCompareTrueLast	compare_member_true_last	1000	before	5	20	4.320168	4629.449595478694
group-compare	explicit	nonroot	groups	groupCompareTrueLast	compare_member_true_last	1000	current	5	20	3.829041	5223.23997053048
group-compare	explicit	nonroot	groups	groupCompareTrueLast	compare_member_true_last	1000	openldap	5	20	2.1612090000000004	9254.079545291546
group-compare	explicit	nonroot	groups	groupCompareFalse	compare_member_false_missing	10	before	5	20	2.48225	8057.206163762715
group-compare	explicit	nonroot	groups	groupCompareFalse	compare_member_false_missing	10	current	5	20	2.114083	9460.366504058735
group-compare	explicit	nonroot	groups	groupCompareFalse	compare_member_false_missing	10	openldap	5	20	1.643044	12172.528550665716
group-compare	explicit	nonroot	groups	groupCompareFalse	compare_member_false_missing	1000	before	5	20	3.8538749999999995	5189.581914307029
group-compare	explicit	nonroot	groups	groupCompareFalse	compare_member_false_missing	1000	current	5	20	3.3008739999999994	6059.001343280599
group-compare	explicit	nonroot	groups	groupCompareFalse	compare_member_false_missing	1000	openldap	5	20	1.8495849999999998	10813.23648277857
group-compare	default	nonroot	groups	groupCompareTrueFirst	compare_member_true_first	10	before	5	20	2.395585	8348.69144697433
group-compare	default	nonroot	groups	groupCompareTrueFirst	compare_member_true_first	10	current	5	20	1.908537	10479.230950199028
group-compare	default	nonroot	groups	groupCompareTrueFirst	compare_member_true_first	10	openldap	5	20	1.5203339999999999	13155.004097783778
group-compare	default	nonroot	groups	groupCompareTrueFirst	compare_member_true_first	1000	before	5	20	2.502086	7993.330365143325
group-compare	default	nonroot	groups	groupCompareTrueFirst	compare_member_true_first	1000	current	5	20	2.2772100000000006	8782.677047790934
group-compare	default	nonroot	groups	groupCompareTrueFirst	compare_member_true_first	1000	openldap	5	20	1.800209	11109.821137434597
group-compare	default	nonroot	groups	groupCompareTrueLast	compare_member_true_last	10	before	5	20	2.167377	9227.743950406413
group-compare	default	nonroot	groups	groupCompareTrueLast	compare_member_true_last	10	current	5	20	1.821832	10977.960646206677
group-compare	default	nonroot	groups	groupCompareTrueLast	compare_member_true_last	10	openldap	5	20	1.5315000000000003	13059.092393078678
group-compare	default	nonroot	groups	groupCompareTrueLast	compare_member_true_last	1000	before	5	20	3.485043	5738.810109373112
group-compare	default	nonroot	groups	groupCompareTrueLast	compare_member_true_last	1000	current	5	20	3.1490819999999995	6351.0572287415835
group-compare	default	nonroot	groups	groupCompareTrueLast	compare_member_true_last	1000	openldap	5	20	1.5815010000000003	12646.213944853653
group-compare	default	nonroot	groups	groupCompareFalse	compare_member_false_missing	10	before	5	20	2.2274570000000002	8978.848974413422
group-compare	default	nonroot	groups	groupCompareFalse	compare_member_false_missing	10	current	5	20	1.8931680000000002	10564.302798272523
group-compare	default	nonroot	groups	groupCompareFalse	compare_member_false_missing	10	openldap	5	20	1.515834	13194.056869023918
group-compare	default	nonroot	groups	groupCompareFalse	compare_member_false_missing	1000	before	5	20	3.5271680000000005	5670.271447234722
group-compare	default	nonroot	groups	groupCompareFalse	compare_member_false_missing	1000	current	5	20	3.0382909999999996	6582.647942544017
group-compare	default	nonroot	groups	groupCompareFalse	compare_member_false_missing	1000	openldap	5	20	1.550126	12902.176984322565
bind-recheck	default	nonroot	recheck	userBind	simple_bind_ssha	0	before	7	1000	101.59125000000004	9843.367415993007
bind-recheck	default	nonroot	recheck	userBind	simple_bind_ssha	0	current	7	1000	102.92216300000004	9716.080296524662
bind-recheck	default	nonroot	recheck	userBind	simple_bind_ssha	0	openldap	7	1000	81.62766699999992	12250.74826651607
bind-recheck	default	nonroot	recheck	userBind	simple_bind_plaintext	0	before	7	1000	98.46191899999998	10156.210747832369
bind-recheck	default	nonroot	recheck	userBind	simple_bind_plaintext	0	current	7	1000	97.36614199999997	10270.510666839406
bind-recheck	default	nonroot	recheck	userBind	simple_bind_plaintext	0	openldap	7	1000	79.26625700000018	12615.708598426663
concurrent	explicit	root	8-workers	uidEquality	ldapsearch	0	before	3	8000	299	26755.852842809363
concurrent	explicit	root	8-workers	uidEquality	ldapsearch	0	current	3	8000	295	27118.64406779661
concurrent	explicit	root	8-workers	uidEquality	ldapsearch	0	openldap	3	8000	318	25157.232704402515
concurrent	default	root	8-workers	uidEquality	ldapsearch	0	before	3	8000	422	18957.34597156398
concurrent	default	root	8-workers	uidEquality	ldapsearch	0	current	3	8000	432	18518.51851851852
concurrent	default	root	8-workers	uidEquality	ldapsearch	0	openldap	3	8000	360	22222.222222222223
