path	rows	n	repeats	setup_adds	cleanup_done	errors	started_at
explicit-final/hot.json	54	1000	3	27	before,current,openldap	[""]	2026-09-29T20:10:54.469914Z
explicit-final/distributed.json	18	1000	3	27	before,current,openldap	[""]	2026-09-29T20:11:06.624082Z
explicit-final/groups.json	36	100	3	42	before,current,openldap	[""]	2026-09-29T20:11:10.485935Z
explicit-final/smoke.json	30	2	1	42	before,current,openldap	[""]	2026-09-29T20:10:42.635922Z
explicit-final/before/warmup.json	8	2	-	-	-	[""]	2026-09-29T20:10:38.572438Z
explicit-final/current/warmup.json	8	2	-	-	-	[""]	2026-09-29T20:10:41.642516Z
explicit-final/openldap/warmup.json	8	2	-	-	-	[""]	2026-09-29T20:10:42.483082Z
default-final/hot.json	54	1000	3	27	before,current,openldap	[""]	2026-09-29T20:12:01.437072Z
default-final/distributed.json	18	1000	3	27	before,current,openldap	[""]	2026-09-29T20:12:14.825066Z
default-final/groups.json	36	100	3	42	before,current,openldap	[""]	2026-09-29T20:12:18.810495Z
default-final/smoke.json	30	2	1	42	before,current,openldap	[""]	2026-09-29T20:11:49.115738Z
default-final/before/warmup.json	8	2	-	-	-	[""]	2026-09-29T20:11:45.750268Z
default-final/current/warmup.json	8	2	-	-	-	[""]	2026-09-29T20:11:48.143807Z
default-final/openldap/warmup.json	8	2	-	-	-	[""]	2026-09-29T20:11:48.965234Z
root-paired/literal.json	105	1000	7	27	before,current,openldap	[""]	2026-09-29T20:13:00.95499Z
root-paired/literal-smoke.json	15	2	1	27	before,current,openldap	[""]	2026-09-29T20:12:59.244821Z
root-paired/normalized.json	105	1000	7	27	before,current,openldap	[""]	2026-09-29T20:13:20.706044Z
root-paired/normalized-smoke.json	15	2	1	27	before,current,openldap	[""]	2026-09-29T20:13:20.557457Z
root-paired/before/warmup.json	8	2	-	-	-	[""]	2026-09-29T20:12:55.688886Z
root-paired/current/warmup.json	8	2	-	-	-	[""]	2026-09-29T20:12:58.104611Z
root-paired/openldap/warmup.json	8	2	-	-	-	[""]	2026-09-29T20:12:59.085386Z
explicit-group-compare/groups.json	90	20	5	42	before,current,openldap	[""]	2026-09-29T20:14:08.941374Z
explicit-group-compare/smoke.json	18	2	1	42	before,current,openldap	[""]	2026-09-29T20:13:56.657981Z
explicit-group-compare/before/warmup.json	8	2	-	-	-	[""]	2026-09-29T20:13:52.799067Z
explicit-group-compare/current/warmup.json	8	2	-	-	-	[""]	2026-09-29T20:13:55.272914Z
explicit-group-compare/openldap/warmup.json	8	2	-	-	-	[""]	2026-09-29T20:13:56.499486Z
default-group-compare/groups.json	90	20	5	42	before,current,openldap	[""]	2026-09-29T20:14:49.62Z
default-group-compare/smoke.json	18	2	1	42	before,current,openldap	[""]	2026-09-29T20:14:37.370809Z
default-group-compare/before/warmup.json	8	2	-	-	-	[""]	2026-09-29T20:14:33.577118Z
default-group-compare/current/warmup.json	8	2	-	-	-	[""]	2026-09-29T20:14:36.110765Z
default-group-compare/openldap/warmup.json	8	2	-	-	-	[""]	2026-09-29T20:14:37.205061Z
default-bind-recheck/recheck.json	42	1000	7	27	before,current,openldap	[""]	2026-09-29T20:15:42.608138Z
default-bind-recheck/before/warmup.json	8	2	-	-	-	[""]	2026-09-29T20:15:38.489105Z
default-bind-recheck/current/warmup.json	8	2	-	-	-	[""]	2026-09-29T20:15:41.431309Z
default-bind-recheck/openldap/warmup.json	8	2	-	-	-	[""]	2026-09-29T20:15:42.446432Z
