suite	access_mode	identity	variant	stage	method	members	operations	before_ms	current_ms	openldap_ms	current_over_openldap_throughput_pct	time_reduction_pct
common	explicit	nonroot	hot	userBind	simple_bind_ssha	0	1000	95.70211200000007	95.07275500000002	76.7909659999999	80.7707381573195	0.6576208056934596
common	explicit	nonroot	hot	userBind	simple_bind_plaintext	0	1000	99.15330000000002	99.63321999999985	79.41864300000012	79.71100703159071	-0.48401818194636625
common	explicit	nonroot	hot	userBindWrong	simple_bind_ssha	0	1000	99.99071699999989	97.367932	77.716336	79.81717841147125	2.623028495735158
common	explicit	nonroot	hot	userBindWrong	simple_bind_plaintext	0	1000	88.54408399999988	87.483441	69.41866600000004	79.35063505332403	1.1978699785294422
common	explicit	nonroot	hot	nonrootBase	search_nonrootBase	0	1000	102.60770599999984	102.27832799999982	80.26808400000012	78.4800510231261	0.3210070791369368
common	explicit	nonroot	hot	nonrootEquality	search_nonrootEquality	0	1000	110.23213899999993	107.26953699999993	83.65314800000006	77.98406736853923	2.687602750773077
common	explicit	nonroot	distributed	nonrootBase	search_nonrootBase	0	1000	117.27804199999997	117.4126149999999	82.64021900000006	70.38444633909238	-0.1147469702810433
common	explicit	nonroot	distributed	nonrootEquality	search_nonrootEquality	0	1000	115.12254899999996	112.81270000000013	84.04934300000004	74.50344065872011	2.006426212817636
common	explicit	nonroot	groups	memberEquality	search_memberEquality	0	100	14.432873000000006	14.680964999999999	11.009625999999999	74.99252263049465	-1.7189370404630644
common	explicit	nonroot	groups	groupBase	base_member_values	10	100	12.036505999999992	11.803205999999996	9.298210000000001	78.77698652383094	1.9382701258986335
common	explicit	nonroot	groups	groupBase	base_member_values	1000	100	87.78087399999998	85.40099899999997	83.32416400000001	97.56813734696482	2.7111543683194683
common	explicit	nonroot	groups	nestedMembership	client_bfs_member_equality	0	100	46.38716500000001	46.13095299999999	37.49812	81.28624613499748	0.5523338190639993
common	default	nonroot	hot	userBind	simple_bind_ssha	0	1000	86.67336100000003	86.60096999999989	70.41459100000012	81.30924053160167	0.0835216255201443
common	default	nonroot	hot	userBind	simple_bind_plaintext	0	1000	95.1123249999999	95.08547799999991	78.29693699999999	82.34373812581566	0.028226625729088628
common	default	nonroot	hot	userBindWrong	simple_bind_ssha	0	1000	92.1522879999999	91.98621099999995	74.18504800000007	80.64800929782847	0.1802201590479724
common	default	nonroot	hot	userBindWrong	simple_bind_plaintext	0	1000	95.38556000000013	93.707449	75.15396200000006	80.2006273802204	1.7592924966841172
common	default	nonroot	hot	nonrootBase	search_nonrootBase	0	1000	105.81320900000003	106.541365	85.83521500000005	80.56515420090595	-0.6881522702897769
common	default	nonroot	hot	nonrootEquality	search_nonrootEquality	0	1000	110.59426399999981	110.36968500000005	87.49960900000009	79.2786615273932	0.20306568521470947
common	default	nonroot	distributed	nonrootBase	search_nonrootBase	0	1000	119.72029400000007	120.66703700000005	86.05431999999995	71.31551593497727	-0.7907957526398945
common	default	nonroot	distributed	nonrootEquality	search_nonrootEquality	0	1000	112.78594300000003	113.48238200000002	86.11267700000003	75.88197875508115	-0.6174874115296269
common	default	nonroot	groups	memberEquality	search_memberEquality	0	100	20.528418000000002	17.88717099999999	13.552921000000001	75.7689463582587	12.866295883102197
common	default	nonroot	groups	groupBase	base_member_values	10	100	12.621080000000003	12.577207	10.192882000000003	81.0424921844731	0.3476168442003602
common	default	nonroot	groups	groupBase	base_member_values	1000	100	96.48316999999999	93.19362600000001	88.26300199999999	94.70926906524699	3.4094485079625536
common	default	nonroot	groups	nestedMembership	client_bfs_member_equality	0	100	45.54803899999998	45.467994000000004	37.31778899999997	82.0748524775471	0.17573753284960691
