item	value	source
production_baseline	31f3c087729e4ef9526d201412e7cc2d676d35a6 (R10)	main; HEAD inspected before preparation
production_scope	Per-request simpleDNComparison reuses the fully validated raw tail after the first comma, copied into its own 512-byte array. Exact raw-tail hits validate leaf syntax/type and combine leaf comparison with cached tail comparison. Changed tails use the full R10 path; unsupported inputs retain full normalization and error order. Tail is published only after all DN attribute types validate.	compare_simple_dn.go; compare_entry.go; main
ownership	No retained borrowed tail: the plan owns copied tail bytes and lives for one CompareEntryAttribute request. Assertion parts borrow already-owned normalized assertion bytes within that request.	memory-proof.tsv; archived source
implementation_constraints	No persistent cache, storage, index, authentication changes or CGO	main; production source
environment	100k macro fixture; Apple M1 Pro; Go 1.26.4; CGO_ENABLED=0 for all Go; native OpenLDAP 2.6.13	main
rejected_r11	R11 compact clone candidate REVERTED; archive REJECTED_DIAGNOSTIC_ONLY. SDK Add already saves subschemaSubentry, so its targeted missing-subschemaSubentry branch was not exercised by normal fixtures.	main; R11 diagnostic archive
group_component_fixture	BenchmarkLocalGroupCompare uses actual root-bound handleCompare, fixed 1000-member group, subschemaSubentry already stored, expected first/last/missing LDAP result checks. Setup and fixture result checks are outside the timed b.Loop.	source/compare_group_bench_test.go.txt; main
component_before	group-before.test copied from R11 group.test compiled AFTER candidate reversion: R10 production plus the same realistic benchmark only. Fresh unprofiled 500ms x 3.	main; group-before.txt; binary-hashes.tsv
component_current	Actual R12 tail-reuse implementation; same handler fixture; unprofiled 500ms x 3.	main; group-current.txt
component_identity	Root fixture; local handler timing. Kept separate from nonroot LDAP group-compare macro identity and native timing.	benchmark source; component suite name; counters.tsv
first_component_recheck	Separate first-only component recheck after the original first regressions: six fresh test processes in order before-1,current-1,current-2,before-2,before-3,current-3; one unprofiled 1s repeat each, same root Group1000 operational-attribute fixture. Current test binary rebuilt with CGO_ENABLED=0 and unchanged production source. Separate per-side medians; no replacement or pooling with original 500ms components or macros, no native comparison or exports.	recheck-first.sh.txt; group-first-recheck-samples.tsv; binary-hashes.tsv
compare_uid_component	No R12 CompareUID before/current component pair supplied; no R10/R11 component logs copied into R12.	main scope
exploratory_profile	R11 group CPU/memory profile is separate exploration and includes fixture setup; not R12 unprofiled timing or retained-memory proof. No profiles archived.	main
group_compare	Explicit/default NONROOT Bind plus WhoAmI before measurement and after each operation; 20 ops x 5; first/last/missing x 10/1000 members; shared assertions on all endpoints.	runner; scripts; counters.tsv
group_order	First/last means fixture insertion order, not native OpenLDAP storage order.	runner; main
default_stages	SDK defaults unchanged; group Compare is opt-in; NoRootFallback preserves failures and partial counts without retry as root.	runner; group_compare_test.go
default_group_recovery	Original default-group-compare exited 1 during canonical export: no space left on device, after SDK calls completed. Its log, script, JSON and partial validation are FAILED_DIAGNOSTIC_ONLY. Only the full fresh default-group-compare-retry run qualifies for official default group results after all checks pass; no source change, pooling, or replacement of individual samples.	main recovery signal; diagnostic-status.tsv; run-sources.tsv
historical_workloads	Earlier broad read/write, recheck, CompareUID and rejected clone measurements remain historical; no copying or pooling into R12.	main scope
validation	Main confirmed R12 validate.sh EXIT 0; final production source is frozen. Schema package: 1.589s, PASS. FuzzCompareEntryAttributeTailReuse: requested 30s, 4 workers, 995633 executions; final progress 31s; package 31.025s, PASS. Full suite: server 138.638s; webadmin 0.449s. Other package results, including cached results, remain in go-test.txt. Vet: EXIT 0 per main. The empty go-vet.txt is retained but is not standalone exit proof. Native differential: 355 PASS records, 0 FAIL, 0 SKIP, 26 top-level RUN and PASS records; package 10.230s. Counts independently checked from openldap-differential.txt by the evidence worker. Build completed. The evidence worker independently recomputed before/current SHA256 and matched executable-sha256.txt: before e6898cab705cb5b7f2ccd521961e25e1f9e4dd48ecf260e7acb2134cc00c18bf current 6d0b5a6cdfe26121ab9a3785beccb517264b35aa7b0ef3baa84d4a09eb7d1184 Group handler benchmark: before/current 500ms x 3, unprofiled, root fixture with 1000 members and stored operational attributes including subschemaSubentry. Before is R10 production plus the same benchmark, compiled after R11 candidate reversion. R12 reuses a fully validated raw DN tail only within a request, copied into an owned 512-byte buffer. Exact tail hits still validate leaf syntax/type. Changed/unsupported inputs preserve the R10 fallback; tail publication follows validation of all DN attribute types. No persistent cache, retained borrowed tail, storage/index/auth changes or CGO. Environment per main: Apple M1 Pro; Go 1.26.4; CGO_ENABLED=0; native OpenLDAP 2.6.13. R11 rejected diagnostic archive remains separate. Its exploratory group CPU/memory profile includes fixture setup and is not R12 timing or retained-memory proof. This is the VALIDATION SIGNAL ONLY. The five macro scripts are running, with 15 exports planned. Wait for main's final macro completion signal before publication. Evidence worker ran no workloads, Go builds or Go tests. Main owns the README and formal report. 	main final validation signal; raw logs
completion	FINAL: Main confirmed all five official R12 macro runs completed with EXIT 0; final production source is unchanged and frozen. Official scripts: common-explicit.sh, common-default.sh, root-paired.sh, group-compare-explicit.sh, group-compare-default-retry.sh. The first four original scripts yielded 12 verified exports. The entire default group stage was rerun in the fresh default-group-compare-retry directory and completed with EXIT 0 and three verified exports. All 15 official canonical exports have 100002 entries, cksum 2143929969 and 42712438 bytes. The generator independently hashes each canonical file; canonical contents are not archived. The original group-compare-default.sh exited 1 during canonical export with no space left on device, after SDK calls completed. Its original log, JSON and partial export validation remain FAILED_DIAGNOSTIC_ONLY and are excluded from official samples, medians and exports. Only the successful full retry qualifies for the logical default group result. No pooling or individual-sample replacement. Main cleaned verified R11 scratch before the retry; no source or workload changes. R11 withdrawn compact-clone diagnostic evidence remains separately labelled and is not the baseline. Production baseline: R10 commit 31f3c087729e4ef9526d201412e7cc2d676d35a6. R11 was withdrawn, not committed. All final validation was already confirmed in generator/validation-main.txt; executable-sha256.txt identifies the final before/current binaries. Publish R12 evidence, tables and README now, then freeze. No more workloads. Main owns the formal report. 	main final performance signal
recheck_completion	FINAL: Main confirmed first-component recheck EXIT 0; all R12 work is complete and final production source remains frozen. Six fresh test processes ran in order before-1,current-1,current-2,before-2,before-3,current-3. Each ran only BenchmarkLocalGroupCompare/first with 1s x 1, unprofiled, using the same root Group1000 fixture with stored operational attributes. Current group-current.test was rebuilt with CGO_ENABLED=0 and unchanged production source. Executable hashes are recorded in binary-hashes.tsv; binaries are not archived. Before median: 40150 ns/op. Current median: 40979 ns/op, approximately 2.065 percent slower. Both: 89568 B/op and 423 allocs/op. Retain the negative result and all six raw observations, including current-2 at 46008 ns/op. Recheck tables and medians are separate; do not replace or pool with original 500ms component samples or nonroot LDAP macro samples. Do not claim all Compare cases improve. Official macros remain the first four original successes plus the full successful default-group-compare-retry, with 15 verified exports. The original NoSpace default group failure remains diagnostic only and excluded from official statistics. The focused recheck adds no native endpoint and no exports. It is the sole additional workload authorized after the prior macro completion signal. Publish the complete R12 evidence promptly and freeze. No further workloads. Main owns the parent formal reports. 	main final focused recheck signal
generator	R10 parser minimally adapted to five R12 macros and real group handler components. Worker runs no workloads, Go builds or Go tests. Main owns README and formal reports.	generate-evidence.mjs.txt
