variant	stage	operations	endpoint	unit	samples	median
cli	startup	1	before	ms	3	1318
cli	startup	1	current	ms	3	1271
cli	startup	1	openldap	ms	3	205
probe	add	20	before	ms	3	19.299376
probe	add	20	current	ms	3	15.767915999999998
probe	add	20	openldap	ms	3	95.03541399999999
probe	baseSearch	20	before	ms	3	4.584998999999999
probe	baseSearch	20	current	ms	3	4.410749999999999
probe	baseSearch	20	openldap	ms	3	2.373752
probe	cleanup	104	before	ms	3	71.48170400000001
probe	cleanup	104	current	ms	3	70.45133600000003
probe	cleanup	104	openldap	ms	3	320.7067980000001
probe	compareFalse	20	before	ms	3	2.9547090000000003
probe	compareFalse	20	current	ms	3	2.486708
probe	compareFalse	20	openldap	ms	3	2.316289
probe	compareTrue	20	before	ms	3	3.0890000000000004
probe	compareTrue	20	current	ms	3	3.439459
probe	compareTrue	20	openldap	ms	3	2.64796
probe	connect	1	before	ms	3	0.330666
probe	connect	1	current	ms	3	0.299083
probe	connect	1	openldap	ms	3	0.3235
probe	delete	20	before	ms	3	21.827831999999997
probe	delete	20	current	ms	3	18.907458000000002
probe	delete	20	openldap	ms	3	97.465834
probe	indexedEquality	20	before	ms	3	3.1951229999999997
probe	indexedEquality	20	current	ms	3	3.0395429999999997
probe	indexedEquality	20	openldap	ms	3	2.737336
probe	modify	20	before	ms	3	9.007832999999998
probe	modify	20	current	ms	3	8.708126
probe	modify	20	openldap	ms	3	91.105126
probe	modifyDN	20	before	ms	3	25.523081
probe	modifyDN	20	current	ms	3	28.975085
probe	modifyDN	20	openldap	ms	3	94.83299899999999
probe	rootBind	20	before	ms	3	2.569711
probe	rootBind	20	current	ms	3	2.395793
probe	rootBind	20	openldap	ms	3	2.2464600000000003
probe	setup	62	before	ms	3	756.661334
probe	setup	62	current	ms	3	760.695419
probe	setup	62	openldap	ms	3	332.693875
probe	substringNegative	20	before	ms	3	931.1738320000001
probe	substringNegative	20	current	ms	3	925.1364610000002
probe	substringNegative	20	openldap	ms	3	620.6492049999999
probe	substringPrefix	20	before	ms	3	943.5190000000001
probe	substringPrefix	20	current	ms	3	917.5700849999998
probe	substringPrefix	20	openldap	ms	3	625.418042
probe	userBind	20	before	ms	3	2.7965430000000002
probe	userBind	20	current	ms	3	2.564958
probe	userBind	20	openldap	ms	3	2.259084
probe	userConnect	1	before	ms	3	0.229125
probe	userConnect	1	current	ms	3	0.206375
probe	userConnect	1	openldap	ms	3	0.214208
process	rss	1	before	bytes	3	412418048
process	rss	1	current	bytes	3	414105600
process	rss	1	openldap	bytes	3	141295616
