path	rows	n	repeats	setup_adds	cleanup_done	error	started_at
explicit-final/hot.json	54	1000	3	27	before,current,openldap	-	2026-09-29T21:36:10.158529Z
explicit-final/distributed.json	18	1000	3	27	before,current,openldap	-	2026-09-29T21:36:22.581522Z
explicit-final/groups.json	36	100	3	42	before,current,openldap	-	2026-09-29T21:36:26.479017Z
explicit-final/smoke.json	30	2	1	42	before,current,openldap	-	2026-09-29T21:35:56.966282Z
explicit-final/before/warmup.json	8	2	-	-	-	-	2026-09-29T21:35:53.022374Z
explicit-final/current/warmup.json	8	2	-	-	-	-	2026-09-29T21:35:55.874667Z
explicit-final/openldap/warmup.json	8	2	-	-	-	-	2026-09-29T21:35:56.783415Z
default-final/hot.json	54	1000	3	27	before,current,openldap	-	2026-09-29T21:37:18.296371Z
default-final/distributed.json	18	1000	3	27	before,current,openldap	-	2026-09-29T21:37:30.674382Z
default-final/groups.json	36	100	3	42	before,current,openldap	-	2026-09-29T21:37:34.603704Z
default-final/smoke.json	30	2	1	42	before,current,openldap	-	2026-09-29T21:37:04.495769Z
default-final/before/warmup.json	8	2	-	-	-	-	2026-09-29T21:37:00.690267Z
default-final/current/warmup.json	8	2	-	-	-	-	2026-09-29T21:37:03.627219Z
default-final/openldap/warmup.json	8	2	-	-	-	-	2026-09-29T21:37:04.339758Z
root-paired/literal.json	105	1000	7	27	before,current,openldap	-	2026-09-29T21:38:15.144526Z
root-paired/literal-smoke.json	15	2	1	27	before,current,openldap	-	2026-09-29T21:38:12.873666Z
root-paired/normalized.json	105	1000	7	27	before,current,openldap	-	2026-09-29T21:38:34.53044Z
root-paired/normalized-smoke.json	15	2	1	27	before,current,openldap	-	2026-09-29T21:38:34.393153Z
root-paired/before/warmup.json	8	2	-	-	-	-	2026-09-29T21:38:09.022141Z
root-paired/current/warmup.json	8	2	-	-	-	-	2026-09-29T21:38:11.90668Z
root-paired/openldap/warmup.json	8	2	-	-	-	-	2026-09-29T21:38:12.699374Z
explicit-group-compare/groups.json	126	1000	7	42	before,current,openldap	-	2026-09-29T21:39:21.807141Z
explicit-group-compare/smoke.json	18	2	1	42	before,current,openldap	-	2026-09-29T21:39:08.932169Z
explicit-group-compare/before/warmup.json	8	2	-	-	-	-	2026-09-29T21:39:05.222594Z
explicit-group-compare/current/warmup.json	8	2	-	-	-	-	2026-09-29T21:39:08.02871Z
explicit-group-compare/openldap/warmup.json	8	2	-	-	-	-	2026-09-29T21:39:08.765626Z
default-group-compare/groups.json	126	1000	7	42	before,current,openldap	-	2026-09-29T21:40:23.413715Z
default-group-compare/smoke.json	18	2	1	42	before,current,openldap	-	2026-09-29T21:40:10.536848Z
default-group-compare/before/warmup.json	8	2	-	-	-	-	2026-09-29T21:40:06.654936Z
default-group-compare/current/warmup.json	8	2	-	-	-	-	2026-09-29T21:40:09.565056Z
default-group-compare/openldap/warmup.json	8	2	-	-	-	-	2026-09-29T21:40:10.391179Z
