path	sha256
internal/directory/dn.go	6dac00d84ca695fa5631714465b4a91910067da9bfed4e1ccfed2b9afb38d97a
internal/directory/dn_ascii_attribute_letter_test.go	950167d927107053140980f0b4221edab0bcdd9ac01b453f72bb1203317c6f04
internal/directory/dn_simple_rdn_bytes.go	a7bf720755ee093caf448f95a3d7dd6660e9f03d1ceb1d4197d2c76e3ffacf40
internal/directory/dn_simple_rdn_bytes_test.go	60364f3035eb3b31367530d32bd8951f6ceaf3ce58a550a0651e9cf4e656cb94
internal/schema/compare_simple_dn.go	93ee2dcb859e513bea95c98b3cb4bad71f3e640de1f52d1fd6ebe61745291ec0
internal/schema/compare_simple_dn_leaf_test.go	183b739f845bcbd94321cd65402cecd383fe71af7d966a1de7889946a3d39641
internal/schema/compare_simple_dn_leaf_bench_test.go	2be4f845262fa6f0be15caad34679d2b0329a917a2b5fc22ad1d07c82b1acf4c
internal/server/compare_group_bench_test.go	0750499b126ec8713c9594b26807a0af5a43a59175d792732d704df4961a6c1d
internal/cmd/ldapcommonbench/main.go	620df9d47ca7ce263e9dbe8190dd4943b25e77d6543c35035aea25eb3de920ad
internal/cmd/ldapcommonbench/group_compare_test.go	6396779e5772eb8dfd68abd0bfba1815c66597e1768b4dfc0f814eca6268cec8
internal/cmd/ldapbench/main.go	251497d4a5ae99da1da5d461120d087c29aac504759b0aaa4609e194fbf2854f
