path	source_root	archive_path	original_name_snapshot_path	role
internal/directory/dn.go	/Users/wanna/mine/github/ldap-go/docs/evidence/performance-20260930-r17/source	source/internal/directory/dn.go.txt	_source-snapshot/internal/directory/dn.go	R17_DN_SOURCE_OR_TEST
internal/directory/dn_ascii_attribute_letter_test.go	/Users/wanna/mine/github/ldap-go/docs/evidence/performance-20260930-r17/source	source/internal/directory/dn_ascii_attribute_letter_test.go.txt	_source-snapshot/internal/directory/dn_ascii_attribute_letter_test.go	R17_DN_SOURCE_OR_TEST
internal/directory/dn_simple_rdn_bytes.go	/Users/wanna/mine/github/ldap-go/docs/evidence/performance-20260930-r17/source	source/internal/directory/dn_simple_rdn_bytes.go.txt	_source-snapshot/internal/directory/dn_simple_rdn_bytes.go	R17_DN_SOURCE_OR_TEST
internal/directory/dn_simple_rdn_bytes_test.go	/Users/wanna/mine/github/ldap-go/docs/evidence/performance-20260930-r17/source	source/internal/directory/dn_simple_rdn_bytes_test.go.txt	_source-snapshot/internal/directory/dn_simple_rdn_bytes_test.go	R17_DN_SOURCE_OR_TEST
internal/schema/compare_simple_dn.go	/Users/wanna/mine/github/ldap-go/docs/evidence/performance-20260930-r17/source	source/internal/schema/compare_simple_dn.go.txt	_source-snapshot/internal/schema/compare_simple_dn.go	R17_DN_SOURCE_OR_TEST
internal/schema/compare_simple_dn_leaf_test.go	/Users/wanna/mine/github/ldap-go/docs/evidence/performance-20260930-r17/source	source/internal/schema/compare_simple_dn_leaf_test.go.txt	_source-snapshot/internal/schema/compare_simple_dn_leaf_test.go	R17_DN_SOURCE_OR_TEST
internal/schema/compare_simple_dn_leaf_bench_test.go	/Users/wanna/mine/github/ldap-go/docs/evidence/performance-20260930-r17/source	source/internal/schema/compare_simple_dn_leaf_bench_test.go.txt	_source-snapshot/internal/schema/compare_simple_dn_leaf_bench_test.go	R17_DN_SOURCE_OR_TEST
internal/server/compare_group_bench_test.go	/Users/wanna/mine/github/ldap-go/docs/evidence/performance-20260930-r17/source	source/internal/server/compare_group_bench_test.go.txt	_source-snapshot/internal/server/compare_group_bench_test.go	BENCHMARK_SOURCE
internal/cmd/ldapcommonbench/main.go	/Users/wanna/mine/github/ldap-go/docs/evidence/performance-20260930-r17/source	source/internal/cmd/ldapcommonbench/main.go.txt	_source-snapshot/internal/cmd/ldapcommonbench/main.go	BENCHMARK_SOURCE
internal/cmd/ldapcommonbench/group_compare_test.go	/Users/wanna/mine/github/ldap-go/docs/evidence/performance-20260930-r17/source	source/internal/cmd/ldapcommonbench/group_compare_test.go.txt	_source-snapshot/internal/cmd/ldapcommonbench/group_compare_test.go	BENCHMARK_SOURCE
internal/cmd/ldapbench/main.go	/Users/wanna/mine/github/ldap-go/docs/evidence/performance-20260930-r17/source	source/internal/cmd/ldapbench/main.go.txt	_source-snapshot/internal/cmd/ldapbench/main.go	BENCHMARK_SOURCE
