suite	case	implementation	repeat	iterations	ns_op	B_op	allocs_op
compare	targets-1	R9-baseline-19b05f6	1	105273	11520	11232	138
compare	targets-1	R9-baseline-19b05f6	2	106704	12064	11232	138
compare	targets-1	R9-baseline-19b05f6	3	103596	11538	11232	138
compare	targets-1024	R9-baseline-19b05f6	1	61544	19219	12037	301
compare	targets-1024	R9-baseline-19b05f6	2	53482	20707	12037	301
compare	targets-1024	R9-baseline-19b05f6	3	63754	18720	12037	301
compare	targets-1	R10-current	1	103826	11161	11232	138
compare	targets-1	R10-current	2	102463	11326	11232	138
compare	targets-1	R10-current	3	104910	11322	11232	138
compare	targets-1024	R10-current	1	66463	18512	12037	301
compare	targets-1024	R10-current	2	62560	19188	12037	301
compare	targets-1024	R10-current	3	61246	19538	12037	301
schema-public-oracle	BenchmarkCompareEntryAttributeGroup1000/first	pre-R9-public-oracle-original-2N	1	9012	38165	94817	1180
schema-public-oracle	BenchmarkCompareEntryAttributeGroup1000/first	pre-R9-public-oracle-original-2N	2	9336	38712	94816	1180
schema-public-oracle	BenchmarkCompareEntryAttributeGroup1000/first	pre-R9-public-oracle-original-2N	3	9504	39003	94816	1180
schema-public-oracle	BenchmarkCompareEntryAttributeGroup1000/first	R10-new	1	50496	7163	3472	170
schema-public-oracle	BenchmarkCompareEntryAttributeGroup1000/first	R10-new	2	50970	7115	3472	170
schema-public-oracle	BenchmarkCompareEntryAttributeGroup1000/first	R10-new	3	50799	7246	3472	170
schema-public-oracle	BenchmarkCompareEntryAttributeGroup1000/last	pre-R9-public-oracle-original-2N	1	46	7505486	3672648	171010
schema-public-oracle	BenchmarkCompareEntryAttributeGroup1000/last	pre-R9-public-oracle-original-2N	2	49	7424151	3672649	171010
schema-public-oracle	BenchmarkCompareEntryAttributeGroup1000/last	pre-R9-public-oracle-original-2N	3	45	7346413	3672646	171010
schema-public-oracle	BenchmarkCompareEntryAttributeGroup1000/last	R10-new	1	3196	113639	3584	173
schema-public-oracle	BenchmarkCompareEntryAttributeGroup1000/last	R10-new	2	3206	112960	3584	173
schema-public-oracle	BenchmarkCompareEntryAttributeGroup1000/last	R10-new	3	3207	112511	3584	173
schema-public-oracle	BenchmarkCompareEntryAttributeGroup1000/absent	pre-R9-public-oracle-original-2N	1	48	7335155	3648636	171010
schema-public-oracle	BenchmarkCompareEntryAttributeGroup1000/absent	pre-R9-public-oracle-original-2N	2	50	7297372	3648644	171010
schema-public-oracle	BenchmarkCompareEntryAttributeGroup1000/absent	pre-R9-public-oracle-original-2N	3	49	7342112	3648640	171010
schema-public-oracle	BenchmarkCompareEntryAttributeGroup1000/absent	R10-new	1	3237	110059	3560	173
schema-public-oracle	BenchmarkCompareEntryAttributeGroup1000/absent	R10-new	2	3262	109996	3560	173
schema-public-oracle	BenchmarkCompareEntryAttributeGroup1000/absent	R10-new	3	3253	111311	3560	173
