scope	identity	members	case	endpoint	repeat	iterations	ns_op	B_op	allocs_op	source
exploratory	root	1000	first	before	1	20348	28557	82456	102	exploratory/group-before.txt
exploratory	root	1000	first	before	2	23246	26337	82456	102	exploratory/group-before.txt
exploratory	root	1000	first	before	3	24639	25714	82456	102	exploratory/group-before.txt
exploratory	root	1000	last	before	1	7236	83037	82537	106	exploratory/group-before.txt
exploratory	root	1000	last	before	2	7675	82411	82536	106	exploratory/group-before.txt
exploratory	root	1000	last	before	3	7314	86947	82536	106	exploratory/group-before.txt
exploratory	root	1000	missing	before	1	8047	77173	82624	111	exploratory/group-before.txt
exploratory	root	1000	missing	before	2	8366	76102	82624	111	exploratory/group-before.txt
exploratory	root	1000	missing	before	3	8078	74070	82624	111	exploratory/group-before.txt
exploratory	root	1000	first	current	1	20778	26295	82457	102	exploratory/group-current.txt
exploratory	root	1000	first	current	2	24836	24323	82456	102	exploratory/group-current.txt
exploratory	root	1000	first	current	3	24525	24745	82456	102	exploratory/group-current.txt
exploratory	root	1000	last	current	1	9056	65566	82536	106	exploratory/group-current.txt
exploratory	root	1000	last	current	2	9000	66386	82536	106	exploratory/group-current.txt
exploratory	root	1000	last	current	3	8757	66206	82536	106	exploratory/group-current.txt
exploratory	root	1000	missing	current	1	10000	58685	82624	111	exploratory/group-current.txt
exploratory	root	1000	missing	current	2	10000	59084	82624	111	exploratory/group-current.txt
exploratory	root	1000	missing	current	3	10000	58521	82624	111	exploratory/group-current.txt
