suite	access_mode	identity	variant	stage	method	members	endpoint	repeat	operations	total_ms	source
aa	default	nonroot	hot	nonrootBase	search_nonrootBase	0	before	1	1000	116.20550599999999	diagnostics/default-read-aa/hot.json
aa	default	nonroot	hot	nonrootBase	search_nonrootBase	0	current	1	1000	115.19203800000008	diagnostics/default-read-aa/hot.json
aa	default	nonroot	hot	nonrootBase	search_nonrootBase	0	openldap	1	1000	93.773245	diagnostics/default-read-aa/hot.json
aa	default	nonroot	hot	nonrootBase	search_nonrootBase	0	before	2	1000	111.34328400000003	diagnostics/default-read-aa/hot.json
aa	default	nonroot	hot	nonrootBase	search_nonrootBase	0	current	2	1000	111.6157390000002	diagnostics/default-read-aa/hot.json
aa	default	nonroot	hot	nonrootBase	search_nonrootBase	0	openldap	2	1000	92.62825399999987	diagnostics/default-read-aa/hot.json
aa	default	nonroot	hot	nonrootBase	search_nonrootBase	0	before	3	1000	107.84005300000004	diagnostics/default-read-aa/hot.json
aa	default	nonroot	hot	nonrootBase	search_nonrootBase	0	current	3	1000	110.75651100000006	diagnostics/default-read-aa/hot.json
aa	default	nonroot	hot	nonrootBase	search_nonrootBase	0	openldap	3	1000	89.40169799999991	diagnostics/default-read-aa/hot.json
aa	default	nonroot	hot	nonrootBase	search_nonrootBase	0	before	4	1000	113.85965899999982	diagnostics/default-read-aa/hot.json
aa	default	nonroot	hot	nonrootBase	search_nonrootBase	0	current	4	1000	115.01441099999998	diagnostics/default-read-aa/hot.json
aa	default	nonroot	hot	nonrootBase	search_nonrootBase	0	openldap	4	1000	94.02079199999991	diagnostics/default-read-aa/hot.json
aa	default	nonroot	hot	nonrootBase	search_nonrootBase	0	before	5	1000	113.19975999999998	diagnostics/default-read-aa/hot.json
aa	default	nonroot	hot	nonrootBase	search_nonrootBase	0	current	5	1000	112.95441200000003	diagnostics/default-read-aa/hot.json
aa	default	nonroot	hot	nonrootBase	search_nonrootBase	0	openldap	5	1000	91.98944499999998	diagnostics/default-read-aa/hot.json
aa	default	nonroot	hot	nonrootBase	search_nonrootBase	0	before	6	1000	109.51293900000013	diagnostics/default-read-aa/hot.json
aa	default	nonroot	hot	nonrootBase	search_nonrootBase	0	current	6	1000	110.17025399999987	diagnostics/default-read-aa/hot.json
aa	default	nonroot	hot	nonrootBase	search_nonrootBase	0	openldap	6	1000	90.07006900000017	diagnostics/default-read-aa/hot.json
aa	default	nonroot	hot	nonrootBase	search_nonrootBase	0	before	7	1000	104.89900500000002	diagnostics/default-read-aa/hot.json
aa	default	nonroot	hot	nonrootBase	search_nonrootBase	0	current	7	1000	105.88764400000001	diagnostics/default-read-aa/hot.json
aa	default	nonroot	hot	nonrootBase	search_nonrootBase	0	openldap	7	1000	86.22886900000002	diagnostics/default-read-aa/hot.json
aa	default	nonroot	hot	nonrootEquality	search_nonrootEquality	0	before	1	1000	115.67884800000012	diagnostics/default-read-aa/hot.json
aa	default	nonroot	hot	nonrootEquality	search_nonrootEquality	0	current	1	1000	115.09393100000001	diagnostics/default-read-aa/hot.json
aa	default	nonroot	hot	nonrootEquality	search_nonrootEquality	0	openldap	1	1000	93.19751200000002	diagnostics/default-read-aa/hot.json
aa	default	nonroot	hot	nonrootEquality	search_nonrootEquality	0	before	2	1000	124.26170799999998	diagnostics/default-read-aa/hot.json
aa	default	nonroot	hot	nonrootEquality	search_nonrootEquality	0	current	2	1000	122.09418500000015	diagnostics/default-read-aa/hot.json
aa	default	nonroot	hot	nonrootEquality	search_nonrootEquality	0	openldap	2	1000	102.96195100000008	diagnostics/default-read-aa/hot.json
aa	default	nonroot	hot	nonrootEquality	search_nonrootEquality	0	before	3	1000	114.3558439999999	diagnostics/default-read-aa/hot.json
aa	default	nonroot	hot	nonrootEquality	search_nonrootEquality	0	current	3	1000	115.09695700000007	diagnostics/default-read-aa/hot.json
aa	default	nonroot	hot	nonrootEquality	search_nonrootEquality	0	openldap	3	1000	91.95154300000004	diagnostics/default-read-aa/hot.json
aa	default	nonroot	hot	nonrootEquality	search_nonrootEquality	0	before	4	1000	113.12880300000013	diagnostics/default-read-aa/hot.json
aa	default	nonroot	hot	nonrootEquality	search_nonrootEquality	0	current	4	1000	113.23465999999999	diagnostics/default-read-aa/hot.json
aa	default	nonroot	hot	nonrootEquality	search_nonrootEquality	0	openldap	4	1000	89.59459200000019	diagnostics/default-read-aa/hot.json
aa	default	nonroot	hot	nonrootEquality	search_nonrootEquality	0	before	5	1000	112.28993000000011	diagnostics/default-read-aa/hot.json
aa	default	nonroot	hot	nonrootEquality	search_nonrootEquality	0	current	5	1000	115.5271199999999	diagnostics/default-read-aa/hot.json
aa	default	nonroot	hot	nonrootEquality	search_nonrootEquality	0	openldap	5	1000	93.48963399999994	diagnostics/default-read-aa/hot.json
aa	default	nonroot	hot	nonrootEquality	search_nonrootEquality	0	before	6	1000	111.880081	diagnostics/default-read-aa/hot.json
aa	default	nonroot	hot	nonrootEquality	search_nonrootEquality	0	current	6	1000	112.438244	diagnostics/default-read-aa/hot.json
aa	default	nonroot	hot	nonrootEquality	search_nonrootEquality	0	openldap	6	1000	88.22578600000008	diagnostics/default-read-aa/hot.json
aa	default	nonroot	hot	nonrootEquality	search_nonrootEquality	0	before	7	1000	110.32804900000001	diagnostics/default-read-aa/hot.json
aa	default	nonroot	hot	nonrootEquality	search_nonrootEquality	0	current	7	1000	111.37103200000003	diagnostics/default-read-aa/hot.json
aa	default	nonroot	hot	nonrootEquality	search_nonrootEquality	0	openldap	7	1000	91.76426099999988	diagnostics/default-read-aa/hot.json
startup-port-swap	default	nonroot	hot	nonrootBase	search_nonrootBase	0	before	1	1000	113.77707999999998	diagnostics/default-read-swap/hot.json
startup-port-swap	default	nonroot	hot	nonrootBase	search_nonrootBase	0	current	1	1000	112.90440400000008	diagnostics/default-read-swap/hot.json
startup-port-swap	default	nonroot	hot	nonrootBase	search_nonrootBase	0	openldap	1	1000	90.85408299999997	diagnostics/default-read-swap/hot.json
startup-port-swap	default	nonroot	hot	nonrootBase	search_nonrootBase	0	before	2	1000	129.50976399999996	diagnostics/default-read-swap/hot.json
startup-port-swap	default	nonroot	hot	nonrootBase	search_nonrootBase	0	current	2	1000	129.18390699999995	diagnostics/default-read-swap/hot.json
startup-port-swap	default	nonroot	hot	nonrootBase	search_nonrootBase	0	openldap	2	1000	103.33788899999986	diagnostics/default-read-swap/hot.json
startup-port-swap	default	nonroot	hot	nonrootBase	search_nonrootBase	0	before	3	1000	135.08349600000022	diagnostics/default-read-swap/hot.json
startup-port-swap	default	nonroot	hot	nonrootBase	search_nonrootBase	0	current	3	1000	131.88296700000012	diagnostics/default-read-swap/hot.json
startup-port-swap	default	nonroot	hot	nonrootBase	search_nonrootBase	0	openldap	3	1000	106.54321700000011	diagnostics/default-read-swap/hot.json
startup-port-swap	default	nonroot	hot	nonrootBase	search_nonrootBase	0	before	4	1000	111.80691000000016	diagnostics/default-read-swap/hot.json
startup-port-swap	default	nonroot	hot	nonrootBase	search_nonrootBase	0	current	4	1000	111.40126599999986	diagnostics/default-read-swap/hot.json
startup-port-swap	default	nonroot	hot	nonrootBase	search_nonrootBase	0	openldap	4	1000	91.39046800000001	diagnostics/default-read-swap/hot.json
startup-port-swap	default	nonroot	hot	nonrootBase	search_nonrootBase	0	before	5	1000	107.0096189999999	diagnostics/default-read-swap/hot.json
startup-port-swap	default	nonroot	hot	nonrootBase	search_nonrootBase	0	current	5	1000	107.38957899999997	diagnostics/default-read-swap/hot.json
startup-port-swap	default	nonroot	hot	nonrootBase	search_nonrootBase	0	openldap	5	1000	85.03037900000005	diagnostics/default-read-swap/hot.json
startup-port-swap	default	nonroot	hot	nonrootBase	search_nonrootBase	0	before	6	1000	137.62718999999996	diagnostics/default-read-swap/hot.json
startup-port-swap	default	nonroot	hot	nonrootBase	search_nonrootBase	0	current	6	1000	136.1959650000001	diagnostics/default-read-swap/hot.json
startup-port-swap	default	nonroot	hot	nonrootBase	search_nonrootBase	0	openldap	6	1000	105.20106600000007	diagnostics/default-read-swap/hot.json
startup-port-swap	default	nonroot	hot	nonrootBase	search_nonrootBase	0	before	7	1000	111.97816800000004	diagnostics/default-read-swap/hot.json
startup-port-swap	default	nonroot	hot	nonrootBase	search_nonrootBase	0	current	7	1000	116.66229300000022	diagnostics/default-read-swap/hot.json
startup-port-swap	default	nonroot	hot	nonrootBase	search_nonrootBase	0	openldap	7	1000	91.3084350000001	diagnostics/default-read-swap/hot.json
startup-port-swap	default	nonroot	hot	nonrootEquality	search_nonrootEquality	0	before	1	1000	122.28307199999992	diagnostics/default-read-swap/hot.json
startup-port-swap	default	nonroot	hot	nonrootEquality	search_nonrootEquality	0	current	1	1000	121.35745899999992	diagnostics/default-read-swap/hot.json
startup-port-swap	default	nonroot	hot	nonrootEquality	search_nonrootEquality	0	openldap	1	1000	96.85121900000007	diagnostics/default-read-swap/hot.json
startup-port-swap	default	nonroot	hot	nonrootEquality	search_nonrootEquality	0	before	2	1000	122.09166299999981	diagnostics/default-read-swap/hot.json
startup-port-swap	default	nonroot	hot	nonrootEquality	search_nonrootEquality	0	current	2	1000	121.09192800000004	diagnostics/default-read-swap/hot.json
startup-port-swap	default	nonroot	hot	nonrootEquality	search_nonrootEquality	0	openldap	2	1000	97.68604200000003	diagnostics/default-read-swap/hot.json
startup-port-swap	default	nonroot	hot	nonrootEquality	search_nonrootEquality	0	before	3	1000	115.75131800000014	diagnostics/default-read-swap/hot.json
startup-port-swap	default	nonroot	hot	nonrootEquality	search_nonrootEquality	0	current	3	1000	114.89545000000003	diagnostics/default-read-swap/hot.json
startup-port-swap	default	nonroot	hot	nonrootEquality	search_nonrootEquality	0	openldap	3	1000	94.83523600000005	diagnostics/default-read-swap/hot.json
startup-port-swap	default	nonroot	hot	nonrootEquality	search_nonrootEquality	0	before	4	1000	113.61636000000009	diagnostics/default-read-swap/hot.json
startup-port-swap	default	nonroot	hot	nonrootEquality	search_nonrootEquality	0	current	4	1000	113.52800700000009	diagnostics/default-read-swap/hot.json
startup-port-swap	default	nonroot	hot	nonrootEquality	search_nonrootEquality	0	openldap	4	1000	90.17943499999997	diagnostics/default-read-swap/hot.json
startup-port-swap	default	nonroot	hot	nonrootEquality	search_nonrootEquality	0	before	5	1000	107.71710599999997	diagnostics/default-read-swap/hot.json
startup-port-swap	default	nonroot	hot	nonrootEquality	search_nonrootEquality	0	current	5	1000	108.94811000000004	diagnostics/default-read-swap/hot.json
startup-port-swap	default	nonroot	hot	nonrootEquality	search_nonrootEquality	0	openldap	5	1000	85.95627099999996	diagnostics/default-read-swap/hot.json
startup-port-swap	default	nonroot	hot	nonrootEquality	search_nonrootEquality	0	before	6	1000	118.88568600000008	diagnostics/default-read-swap/hot.json
startup-port-swap	default	nonroot	hot	nonrootEquality	search_nonrootEquality	0	current	6	1000	118.85705499999995	diagnostics/default-read-swap/hot.json
startup-port-swap	default	nonroot	hot	nonrootEquality	search_nonrootEquality	0	openldap	6	1000	93.76887500000004	diagnostics/default-read-swap/hot.json
startup-port-swap	default	nonroot	hot	nonrootEquality	search_nonrootEquality	0	before	7	1000	114.98900800000003	diagnostics/default-read-swap/hot.json
startup-port-swap	default	nonroot	hot	nonrootEquality	search_nonrootEquality	0	current	7	1000	116.76249399999998	diagnostics/default-read-swap/hot.json
startup-port-swap	default	nonroot	hot	nonrootEquality	search_nonrootEquality	0	openldap	7	1000	91.6075659999999	diagnostics/default-read-swap/hot.json
