path	sha256	bytes	frozen_path
go.mod	a0b7373aa7434c0eb85b0dbb2ce6f4e59c4816e74dd0af62967951bbbbe54af7	1850	/tmp/ldap-go-r20-evidence-source/go.mod
go.sum	d40834c26d437bf3381aeae5b92d6857de04ae4c907855042c01207037adadb9	15454	/tmp/ldap-go-r20-evidence-source/go.sum
internal/cmd/ldapbench/main.go	251497d4a5ae99da1da5d461120d087c29aac504759b0aaa4609e194fbf2854f	19052	/tmp/ldap-go-r20-evidence-source/internal/cmd/ldapbench/main.go
internal/cmd/ldapcommonbench/group_compare_test.go	6396779e5772eb8dfd68abd0bfba1815c66597e1768b4dfc0f814eca6268cec8	9130	/tmp/ldap-go-r20-evidence-source/internal/cmd/ldapcommonbench/group_compare_test.go
internal/cmd/ldapcommonbench/main.go	620df9d47ca7ce263e9dbe8190dd4943b25e77d6543c35035aea25eb3de920ad	29149	/tmp/ldap-go-r20-evidence-source/internal/cmd/ldapcommonbench/main.go
internal/cmd/ldifcanonical/main.go	b764e320448fc8484c9427439ea2bb5871c79756d0241ff72d64211baee4261f	3201	/tmp/ldap-go-r20-evidence-source/internal/cmd/ldifcanonical/main.go
internal/server/audit_identity_bench_test.go	f7d7d0961fc991bc0eb5584222bed343b832fb08610bd3e4229d70b8d5761a2d	4314	/tmp/ldap-go-r20-evidence-source/internal/server/audit_identity_bench_test.go
internal/server/audit_identity_test.go	1e01538577c078a9d8e3b255a93284d73038c9f3a734f93436f87fc42858d324	9001	/tmp/ldap-go-r20-evidence-source/internal/server/audit_identity_test.go
internal/server/network_common_bench_test.go	28017fe1a4cb1215da62ff74daeebe92529bba1f0e6c67d3c1a603e54d5a8d28	5572	/tmp/ldap-go-r20-evidence-source/internal/server/network_common_bench_test.go
internal/server/operation.go	98a53daf54ef5316c8cd2b71c8a8158db8fe8ff9f8b0930805d4d666ad875886	24308	/tmp/ldap-go-r20-evidence-source/internal/server/operation.go
internal/server/operation_queue_buffer_bench_test.go	1096830573cada8480c0d79bcb55ad327fde87b7f944522a73c9287f0d8414f6	2767	/tmp/ldap-go-r20-evidence-source/internal/server/operation_queue_buffer_bench_test.go
internal/server/operation_queue_buffer_test.go	c1c135078d83299756278f42ab8ddb7e0362b640ed7932d7cfaba0f42eaa65c2	13727	/tmp/ldap-go-r20-evidence-source/internal/server/operation_queue_buffer_test.go
internal/server/server.go	4d7f31a5b2bcb441a71ae12b20ace5a8e48c9b18c8c1ec15e65f9324b51f6c04	84532	/tmp/ldap-go-r20-evidence-source/internal/server/server.go
