scope	target	credential	implementation	repeat	iterations	ns_op	B_op	allocs_op	source
components/interleaved	hot	correct	before	1	49232	12116	10392	144	components/interleaved/bind-interleaved-before-1.txt
components/interleaved	hot	wrong	before	1	47481	12240	10296	141	components/interleaved/bind-interleaved-before-1.txt
components/interleaved	rotate256	correct	before	1	31924	18593	11396	275	components/interleaved/bind-interleaved-before-1.txt
components/interleaved	rotate256	wrong	before	1	32608	18275	11300	272	components/interleaved/bind-interleaved-before-1.txt
components/interleaved	hot	correct	current	1	49953	12049	10320	142	components/interleaved/bind-interleaved-current-1.txt
components/interleaved	hot	wrong	current	1	48744	12181	10224	139	components/interleaved/bind-interleaved-current-1.txt
components/interleaved	rotate256	correct	current	1	32506	18165	11325	273	components/interleaved/bind-interleaved-current-1.txt
components/interleaved	rotate256	wrong	current	1	36040	17047	11228	270	components/interleaved/bind-interleaved-current-1.txt
components/interleaved	hot	correct	current	2	50414	11893	10320	142	components/interleaved/bind-interleaved-current-2.txt
components/interleaved	hot	wrong	current	2	49316	13070	10224	139	components/interleaved/bind-interleaved-current-2.txt
components/interleaved	rotate256	correct	current	2	31717	18954	11324	273	components/interleaved/bind-interleaved-current-2.txt
components/interleaved	rotate256	wrong	current	2	33763	17830	11228	270	components/interleaved/bind-interleaved-current-2.txt
components/interleaved	hot	correct	before	2	50299	11965	10392	144	components/interleaved/bind-interleaved-before-2.txt
components/interleaved	hot	wrong	before	2	51768	11641	10296	141	components/interleaved/bind-interleaved-before-2.txt
components/interleaved	rotate256	correct	before	2	32767	18012	11397	275	components/interleaved/bind-interleaved-before-2.txt
components/interleaved	rotate256	wrong	before	2	33932	18062	11300	272	components/interleaved/bind-interleaved-before-2.txt
components/interleaved	hot	correct	before	3	49657	12148	10392	144	components/interleaved/bind-interleaved-before-3.txt
components/interleaved	hot	wrong	before	3	49462	12095	10296	141	components/interleaved/bind-interleaved-before-3.txt
components/interleaved	rotate256	correct	before	3	31627	18908	11397	275	components/interleaved/bind-interleaved-before-3.txt
components/interleaved	rotate256	wrong	before	3	32041	18648	11300	272	components/interleaved/bind-interleaved-before-3.txt
components/interleaved	hot	correct	current	3	49134	12145	10320	142	components/interleaved/bind-interleaved-current-3.txt
components/interleaved	hot	wrong	current	3	48716	12011	10224	139	components/interleaved/bind-interleaved-current-3.txt
components/interleaved	rotate256	correct	current	3	32550	18548	11324	273	components/interleaved/bind-interleaved-current-3.txt
components/interleaved	rotate256	wrong	current	3	32406	23088	11228	270	components/interleaved/bind-interleaved-current-3.txt
components/interleaved	hot	correct	current	4	48274	11416	10320	142	components/interleaved/bind-interleaved-current-4.txt
components/interleaved	hot	wrong	current	4	51368	11637	10224	139	components/interleaved/bind-interleaved-current-4.txt
components/interleaved	rotate256	correct	current	4	32967	17988	11324	273	components/interleaved/bind-interleaved-current-4.txt
components/interleaved	rotate256	wrong	current	4	32364	18354	11227	270	components/interleaved/bind-interleaved-current-4.txt
components/interleaved	hot	correct	before	4	48964	12136	10392	144	components/interleaved/bind-interleaved-before-4.txt
components/interleaved	hot	wrong	before	4	48520	12091	10296	141	components/interleaved/bind-interleaved-before-4.txt
components/interleaved	rotate256	correct	before	4	31956	18825	11396	275	components/interleaved/bind-interleaved-before-4.txt
components/interleaved	rotate256	wrong	before	4	31826	18470	11300	272	components/interleaved/bind-interleaved-before-4.txt
components/interleaved	hot	correct	before	5	49948	12363	10392	144	components/interleaved/bind-interleaved-before-5.txt
components/interleaved	hot	wrong	before	5	48644	11841	10296	141	components/interleaved/bind-interleaved-before-5.txt
components/interleaved	rotate256	correct	before	5	32708	18490	11397	275	components/interleaved/bind-interleaved-before-5.txt
components/interleaved	rotate256	wrong	before	5	32073	18726	11300	272	components/interleaved/bind-interleaved-before-5.txt
components/interleaved	hot	correct	current	5	49484	12027	10320	142	components/interleaved/bind-interleaved-current-5.txt
components/interleaved	hot	wrong	current	5	48632	12008	10224	139	components/interleaved/bind-interleaved-current-5.txt
components/interleaved	rotate256	correct	current	5	32409	18542	11325	273	components/interleaved/bind-interleaved-current-5.txt
components/interleaved	rotate256	wrong	current	5	32522	18466	11228	270	components/interleaved/bind-interleaved-current-5.txt
